date,open,high,low,close,volume,Dividends,Stock Splits
2022-07-18 00:00:00+01:00,329.8575031524603,337.25430166772634,308.21685791015625,308.21685791015625,75775752,0.0,0.0
2022-07-19 00:00:00+01:00,308.86657116658665,308.9665340866145,291.2241986878866,300.8700256347656,44977828,0.0,0.0
2022-07-20 00:00:00+01:00,294.8725956580033,314.9139242797795,294.8725956580033,302.869140625,42043254,0.0,0.0
2022-07-21 00:00:00+01:00,301.86958718518184,314.0643310546875,298.0712403428898,314.0643310546875,35446440,0.0,0.0
2022-07-22 00:00:00+01:00,309.266401807579,319.20412566579324,304.8683077313512,316.36334228515625,25275653,0.0,0.0
2022-07-25 00:00:00+01:00,311.8652631915984,313.308639846046,304.36850205718497,304.8682861328125,33054037,0.0,0.0
2022-07-26 00:00:00+01:00,303.6687977954393,308.7666015625,299.8704509518096,308.7666015625,47379225,0.0,0.0
2022-07-27 00:00:00+01:00,309.86615100841743,319.66190745143905,303.36895751953125,303.36895751953125,92809478,0.0,0.0
2022-07-28 00:00:00+01:00,302.9690991990117,304.3684884473152,292.5735969916742,295.37237548828125,37686946,0.0,0.0
2022-07-29 00:00:00+01:00,291.87393708776955,293.67314778586444,285.47670621138394,291.67401123046875,39539253,0.0,0.0
2022-08-01 00:00:00+01:00,284.77696848944254,297.47149658203125,284.77696848944254,297.47149658203125,16614852,0.0,0.0
2022-08-02 00:00:00+01:00,299.8704403494867,313.76443131813323,298.47105106206885,310.36590576171875,23844114,0.0,0.0
2022-08-03 00:00:00+01:00,307.2672528122409,308.3667839124847,304.86829527814535,306.867431640625,17865277,0.0,0.0
2022-08-04 00:00:00+01:00,304.8682809584919,309.9660845442513,303.768749909893,305.0682067871094,15092240,0.0,0.0
2022-08-05 00:00:00+01:00,302.86918098212686,313.0647893753653,299.2707291666073,307.7670593261719,14863964,0.0,0.0
2022-08-08 00:00:00+01:00,308.26685538346976,311.16559733156646,305.26815050521736,309.0665283203125,14380572,0.0,0.0
2022-08-09 00:00:00+01:00,306.2677015632078,310.26597450921423,302.369391541732,303.8687438964844,15781977,0.0,0.0
2022-08-10 00:00:00+01:00,297.7713511703179,302.5692966797444,279.3793029785156,279.3793029785156,112025393,0.0,0.0
2022-08-11 00:00:00+01:00,271.2828302750637,272.8821456545056,242.49527546272347,265.68524169921875,113965410,0.0,0.0
2022-08-12 00:00:00+01:00,265.88513907464545,274.78128988265394,261.94885124820007,271.48272705078125,50086906,0.0,0.0
2022-08-15 00:00:00+01:00,271.58267963706805,273.58181594502025,253.9902740262087,266.5848388671875,37803344,0.0,0.0
2022-08-16 00:00:00+01:00,264.88555965165733,271.18282679255975,259.78775598767015,268.9837951660156,32516650,0.0,0.0
2022-08-17 00:00:00+01:00,262.38665742872155,268.4840296641359,256.62513865060475,258.2884216308594,29310948,0.0,0.0
2022-08-18 00:00:00+01:00,253.6904433778576,258.38841144459155,253.19065921645605,256.08941650390625,35741577,0.0,0.0
2022-08-19 00:00:00+01:00,252.89074302138314,255.98941040039062,252.89074302138314,255.98941040039062,23232175,0.0,0.0
2022-08-22 00:00:00+01:00,253.39049433610876,264.58566841780544,251.4993133410653,263.1862487792969,22330395,0.0,0.0
2022-08-23 00:00:00+01:00,262.8864414428274,269.48359778523866,260.4874838195145,267.6843566894531,16179670,0.0,0.0
2022-08-24 00:00:00+01:00,265.28537341269646,269.7834299605906,261.3900532697628,268.68389892578125,15418392,0.0,0.0
2022-08-25 00:00:00+01:00,265.8851330426291,267.88426938129544,262.08678620092286,263.4861755371094,7276648,0.0,0.0
2022-08-26 00:00:00+01:00,267.48448517851875,272.28240085258926,265.88516978569396,266.1850280761719,11112274,0.0,0.0
2022-08-30 00:00:00+01:00,259.8877160396003,262.38663638613497,256.68908579427654,259.08807373046875,17680093,0.0,0.0
2022-08-31 00:00:00+01:00,259.03807845633,260.48746446711124,253.690398036432,258.73822021484375,52132728,0.0,0.0
2022-09-01 00:00:00+01:00,256.5891710489341,258.1884557773007,246.4935260530151,249.59217834472656,20710901,0.0,0.0
2022-09-02 00:00:00+01:00,249.19235470185288,250.84163612694482,246.77340149402457,247.04327392578125,19029185,0.0,0.0
2022-09-05 00:00:00+01:00,243.3948666927933,246.19366081814036,241.0698669375575,246.04371643066406,15777220,0.0,0.0
2022-09-06 00:00:00+01:00,245.29402229211325,256.0893768076476,243.5967574953675,254.09022521972656,16773709,0.0,0.0
2022-09-07 00:00:00+01:00,251.39141890581917,256.489223163438,249.09240884351655,254.88990783691406,41837272,0.0,0.0
2022-09-08 00:00:00+01:00,254.88988861054395,260.03765869140625,252.6908416415989,260.03765869140625,17341463,0.0,0.0
2022-09-09 00:00:00+01:00,260.8872985839844,265.2354263279309,259.2879833730109,260.8872985839844,17682773,0.0,0.0
2022-09-12 00:00:00+01:00,262.30366216916025,264.18584456537485,259.8877138080019,263.885986328125,19942952,0.0,0.0
2022-09-13 00:00:00+01:00,267.88425252940465,268.8338544322941,264.485727068344,266.48486328125,18160854,0.0,0.0
2022-09-14 00:00:00+01:00,265.03551813423246,270.88299855823345,262.78648954841685,270.18328857421875,25273167,0.0,0.0
2022-09-15 00:00:00+01:00,267.8842702404409,268.2331185565162,263.0863552140138,264.3358154296875,13008178,0.0,0.0
2022-09-16 00:00:00+01:00,261.9868408244263,265.33540051677505,259.2879943847656,259.2879943847656,40790661,0.0,0.0
2022-09-20 00:00:00+01:00,266.2849290344683,270.75199290405004,259.2379863086587,265.3353576660156,30631397,0.0,0.0
2022-09-21 00:00:00+01:00,261.08720614358685,269.883393431445,261.08720614358685,267.48443603515625,23555338,0.0,0.0
2022-09-22 00:00:00+01:00,264.03592463018356,266.29794787518904,261.1371830531529,265.8851318359375,14471975,0.0,0.0
2022-09-23 00:00:00+01:00,271.2827944810274,278.8295524461336,269.133729022397,277.3302001953125,21806112,0.0,0.0
2022-09-26 00:00:00+01:00,278.7795836026263,288.87522920155425,275.7808788012261,286.22637939453125,34480771,0.0,0.0
2022-09-27 00:00:00+01:00,286.5262122488983,287.8756353906721,278.6795959472656,278.6795959472656,20703519,0.0,0.0
2022-09-28 00:00:00+01:00,274.0815642554147,280.3288644025167,271.78253949864404,278.5796203613281,21573224,0.0,0.0
2022-09-29 00:00:00+01:00,280.1789692117746,281.77828451801236,276.23069291369006,279.9290771484375,19230560,0.0,0.0
2022-09-30 00:00:00+01:00,276.83040008154313,285.77151363618475,273.6317699299183,279.12939453125,19741830,0.0,0.0
2022-10-03 00:00:00+01:00,277.3801632803197,278.4796943527612,268.2341207541188,270.68304443359375,18959527,0.0,0.0
2022-10-04 00:00:00+01:00,273.5818199196572,277.3801667581897,271.48272066493155,274.08160400390625,19704361,0.0,0.0
2022-10-05 00:00:00+01:00,272.7321850196953,278.3307490900231,271.08290361749283,278.32977294921875,16044492,0.0,0.0
2022-10-06 00:00:00+01:00,280.1290332419829,285.9765142562113,279.59926323069345,284.02734375,20292530,0.0,0.0
2022-10-07 00:00:00+01:00,281.1285217592636,285.92643632886296,277.6799996905912,279.1793518066406,35024789,0.0,0.0
2022-10-10 00:00:00+01:00,277.77998296613987,278.76856953310846,269.8834006768453,271.03289794921875,60118603,0.0,0.0
2022-10-11 00:00:00+01:00,271.53271124467494,277.0803333804393,269.86244269063275,275.48101806640625,31546250,0.0,0.0
2022-10-12 00:00:00+01:00,274.98125558151884,277.148319003808,270.9329855144391,273.4819030761719,15176877,0.0,0.0
2022-10-13 00:00:00+01:00,272.88209903174095,274.18152539679943,268.0341875085025,270.3831787109375,21031548,0.0,0.0
2022-10-14 00:00:00+01:00,271.8325859170962,277.3302110519899,270.78302099779415,273.6817626953125,18393526,0.0,0.0
2022-10-17 00:00:00+01:00,273.6317809609102,274.13156503572463,266.4348780818225,268.9837951660156,43576440,0.0,0.0
2022-10-18 00:00:00+01:00,269.9833557867007,272.53224229541473,267.88425663013714,268.68389892578125,12888055,0.0,0.0
2022-10-19 00:00:00+01:00,272.88212281612704,273.03205194756333,263.136332715551,266.8347473144531,17543237,0.0,0.0
2022-10-20 00:00:00+01:00,265.5352717136165,271.38275146484375,264.9855214354289,271.38275146484375,30131268,0.0,0.0
2022-10-21 00:00:00+01:00,268.48401448677436,275.63092074612956,268.34906302346,272.38232421875,12449978,0.0,0.0
2022-10-24 00:00:00+01:00,272.0324383313746,276.03071052585926,269.9833360334596,273.581787109375,10664855,0.0,0.0
2022-10-25 00:00:00+01:00,275.68093288436626,280.1290241493379,272.98211669921875,272.98211669921875,18923366,0.0,0.0
2022-10-26 00:00:00+01:00,270.58313121440597,270.6830636335714,263.4861907027766,268.18414306640625,31763076,0.0,0.0
2022-10-27 00:00:00+01:00,267.8343290444111,270.03336092670634,263.8860221924225,269.8334655761719,15043608,0.0,0.0
2022-10-28 00:00:00+01:00,267.58440069768585,270.7830004121814,266.39091610600724,269.1836853027344,26342835,0.0,0.0
2022-10-31 00:00:00+00:00,270.3831978413596,272.8321521307773,264.985535667403,267.88427734375,19101149,0.0,0.0
2022-11-01 00:00:00+00:00,267.38451701313863,271.6326822367119,266.43491493787275,268.4340515136719,16918045,0.0,0.0
2022-11-02 00:00:00+00:00,269.0838193146611,270.8830301916625,263.0364123306169,266.9347229003906,21514109,0.0,0.0
2022-11-03 00:00:00+00:00,267.38447131814803,277.13026045965063,267.23454220146607,274.33148193359375,20928172,0.0,0.0
2022-11-04 00:00:00+00:00,273.8816649540019,275.9517849291572,272.98205974663847,275.18109130859375,18648334,0.0,0.0
2022-11-07 00:00:00+00:00,274.9812171207269,279.6791693444162,274.0316151317299,278.4797058105469,9304872,0.0,0.0
2022-11-08 00:00:00+00:00,278.7295470932685,283.92728246881126,275.68084634477606,278.079833984375,17549203,0.0,0.0
2022-11-09 00:00:00+00:00,275.2311162797319,286.72615084322126,274.38147718937637,286.12640380859375,18339504,0.0,0.0
2022-11-10 00:00:00+00:00,284.3771877615783,294.2729080538068,268.33412838663236,279.47930908203125,42887139,0.0,0.0
2022-11-11 00:00:00+00:00,278.7295805538727,285.02684760279953,271.78256981365786,277.3801574707031,23001138,0.0,0.0
2022-11-14 00:00:00+00:00,277.030319281353,283.627475472519,275.3310716516469,281.7283020019531,21834005,0.0,0.0
2022-11-15 00:00:00+00:00,282.17812300914807,287.3758904468174,277.0803490082235,278.9795227050781,17150660,0.0,0.0
2022-11-16 00:00:00+00:00,280.1289786479711,288.7752371868948,279.97904952388336,287.92559814453125,29478333,0.0,0.0
2022-11-17 00:00:00+00:00,288.87521216492763,290.6244565292481,285.22679430593934,289.2250671386719,14751179,0.0,0.0
2022-11-18 00:00:00+00:00,289.4749462611397,290.5244806310935,284.97688952522407,287.07598876953125,11452366,0.0,0.0
2022-11-21 00:00:00+00:00,288.0755749721931,290.4745326140229,284.4271265433004,289.025146484375,14538355,0.0,0.0
2022-11-22 00:00:00+00:00,288.525384683065,291.42412666211993,287.87567138671875,287.87567138671875,17918233,0.0,0.0
2022-11-23 00:00:00+00:00,288.87515339980826,289.37493740223005,285.7265202854298,286.4761962890625,12077996,0.0,0.0
2022-11-24 00:00:00+00:00,288.77523779770576,288.77523779770576,283.4275419950002,286.72613525390625,5853235,0.0,0.0
2022-11-25 00:00:00+00:00,286.27636041079734,289.22509915309485,285.4267212389147,288.875244140625,7377331,0.0,0.0
2022-11-28 00:00:00+00:00,289.1250473694651,290.12461538111404,285.32670112695695,288.1754455566406,19099028,0.0,0.0
2022-11-29 00:00:00+00:00,289.474971709116,291.2242161490829,285.226806640625,285.226806640625,15743673,0.0,0.0
2022-11-30 00:00:00+00:00,284.177251311451,285.7266004563212,279.3793357437314,283.97735595703125,62894077,0.0,0.0
2022-12-01 00:00:00+00:00,286.97603676575807,292.8235168457031,284.82697123330666,292.8235168457031,13333455,0.0,0.0
2022-12-02 00:00:00+00:00,290.8243431605604,293.57315536243937,286.57617884856546,291.3241271972656,10831098,0.0,0.0
2022-12-05 00:00:00+00:00,292.62362145892644,295.72228930710924,287.6257799310199,294.8726501464844,14422747,0.0,0.0
2022-12-06 00:00:00+00:00,294.47279327158844,299.4706341943771,294.47279327158844,295.0725402832031,12585636,0.0,0.0
2022-12-07 00:00:00+00:00,318.91223530447303,322.0109029545442,300.87004074400994,305.5680236816406,79872705,0.0,0.0
2022-12-08 00:00:00+00:00,302.9691648707681,319.8118972180119,300.7701023579085,316.0135192871094,27458207,0.0,0.0
2022-12-09 00:00:00+00:00,316.7131394170039,320.11166465043067,313.96432730837415,314.464111328125,40948425,0.0,0.0
2022-12-12 00:00:00+00:00,314.21426352202747,319.3120673415264,314.21426352202747,317.4628601074219,19539585,0.0,0.0
2022-12-13 00:00:00+00:00,317.56281208810265,320.91234761781783,314.0143268682567,319.0621643066406,16942682,0.0,0.0
2022-12-14 00:00:00+00:00,319.6619077444843,320.96136474609375,316.8131626925747,320.96136474609375,14512210,0.0,0.0
2022-12-15 00:00:00+00:00,320.7614037692543,323.5602128093079,317.46284117334625,319.9617614746094,13960749,0.0,0.0
2022-12-16 00:00:00+00:00,319.86186051159075,320.0617863761721,311.16560397717024,312.614990234375,32659958,0.0,0.0
2022-12-19 00:00:00+00:00,312.1151408671233,316.8630893671035,311.5153939030883,313.6644592285156,12534280,0.0,0.0
2022-12-20 00:00:00+00:00,314.2641944258606,316.0634352505982,311.965200071603,314.41412353515625,14147793,0.0,0.0
2022-12-21 00:00:00+00:00,318.81227914481974,323.5602279392375,314.0143336394,320.5615234375,16599672,0.0,0.0
2022-12-22 00:00:00+00:00,320.81139372755314,326.70883941356317,319.6118998064268,323.7601013183594,10125609,0.0,0.0
2022-12-23 00:00:00+00:00,326.15911490324316,326.15911490324316,322.01091267594177,323.9600830078125,6063158,0.0,0.0
2022-12-28 00:00:00+00:00,326.70885711332073,328.2082093437587,323.34730282372846,326.90875244140625,13428591,0.0,0.0
2022-12-29 00:00:00+00:00,324.8596765510076,327.80841504761594,324.8596765510076,326.75885009765625,10907806,0.0,0.0
2022-12-30 00:00:00+00:00,328.8579300720032,332.2064895641939,327.2086486816406,327.2086486816406,6541930,0.0,0.0
2023-01-03 00:00:00+00:00,327.10869959781047,328.65801813516873,320.5115432529408,322.86053466796875,17086397,0.0,0.0
2023-01-04 00:00:00+00:00,323.91005784249444,326.50894122192733,320.5115321175745,322.41070556640625,15904389,0.0,0.0
2023-01-05 00:00:00+00:00,320.86138301764055,321.02131758559165,312.8648376464844,312.8648376464844,14278962,0.0,0.0
2023-01-06 00:00:00+00:00,316.31337168894584,321.2112498082812,314.76402266358406,317.4128723144531,13777524,0.0,0.0
2023-01-09 00:00:00+00:00,316.0634462769559,321.36114501953125,313.9643471603967,321.36114501953125,19066543,0.0,0.0
2023-01-10 00:00:00+00:00,320.511516543252,321.21122643985285,312.16511651105,312.4150085449219,18637836,0.0,0.0
2023-01-11 00:00:00+00:00,313.6644835151357,316.2134006835441,310.9656677246094,310.9656677246094,23270702,0.0,0.0
2023-01-12 00:00:00+00:00,311.8652539960656,315.31377621797367,310.3459214325399,313.4645690917969,9977642,0.0,0.0
2023-01-13 00:00:00+00:00,314.66407185773437,326.30906633524944,314.46417651103667,324.85968017578125,28080468,0.0,0.0
2023-01-16 00:00:00+00:00,322.56065052588485,327.1086733547258,322.31075849123647,323.8600769042969,10387354,0.0,0.0
2023-01-17 00:00:00+00:00,324.06001132503235,330.2573156459716,323.56022724248567,327.0587158203125,11773842,0.0,0.0
2023-01-18 00:00:00+00:00,326.30901178193216,326.30901178193216,316.3632971883133,317.81268310546875,10616488,0.0,0.0
2023-01-19 00:00:00+00:00,317.76272316815715,319.3120721734304,311.7153477886727,313.1647033691406,13196859,0.0,0.0
2023-01-20 00:00:00+00:00,313.6644596083956,316.61319772423997,312.453007954943,315.7135925292969,8752092,0.0,0.0
2023-01-23 00:00:00+00:00,316.1633899376455,317.46284682005466,312.71489816320303,313.2646484375,28666939,0.0,0.0
2023-01-24 00:00:00+00:00,313.8644528522172,314.5141661601068,310.66582202266216,313.1147766113281,13504498,0.0,0.0
2023-01-25 00:00:00+00:00,312.9147690978307,316.06343289152096,311.415417007272,313.9143371582031,10549024,0.0,0.0
2023-01-26 00:00:00+00:00,315.4637555468026,319.3620657413564,315.31382640555114,317.113037109375,17053484,0.0,0.0
2023-01-27 00:00:00+00:00,317.0130690241317,321.3112308646498,315.16386163369964,319.362060546875,26918411,0.0,0.0
2023-01-30 00:00:00+00:00,318.1125515055498,324.0599939711205,317.7127303618034,320.66143798828125,30492296,0.0,0.0
2023-01-31 00:00:00+00:00,317.86268416899577,334.35555929097194,314.61408755406103,324.1099853515625,23285495,0.0,0.0
2023-02-01 00:00:00+00:00,323.5102491038735,323.8101378732575,317.8626947477574,318.4124450683594,30489742,0.0,0.0
2023-02-02 00:00:00+00:00,319.3620343901324,319.5619602284434,315.263798739958,318.3125,15131902,0.0,0.0
2023-02-03 00:00:00+00:00,318.8622312415533,329.3576965332031,317.862663118539,329.3576965332031,14661110,0.0,0.0
2023-02-06 00:00:00+00:00,326.9587474235826,334.6554038631774,326.80881830221114,330.5072021484375,16732991,0.0,0.0
2023-02-07 00:00:00+00:00,329.60758181467247,336.1547406845923,329.1207926368028,333.1560363769531,12511028,0.0,0.0
2023-02-08 00:00:00+00:00,332.10652224033595,335.5050478945114,327.6584317121066,328.2581787109375,18354436,0.0,0.0
2023-02-09 00:00:00+00:00,330.60718192304984,332.65628452988295,324.7597018561838,327.5085144042969,11973734,0.0,0.0
2023-02-10 00:00:00+00:00,329.7575519688461,330.20736987273267,325.75927906105915,329.5076599121094,24366412,0.0,0.0
2023-02-13 00:00:00+00:00,328.3581412922025,331.8066636536521,327.24863527424014,331.50677490234375,9056789,0.0,0.0
2023-02-14 00:00:00+00:00,331.80668730563997,332.5063667664354,327.7584176574026,327.9583435058594,10874686,0.0,0.0
2023-02-15 00:00:00+00:00,326.8088454562283,329.35773224452396,324.45985401157066,329.1578063964844,6143120,0.0,0.0
2023-02-16 00:00:00+00:00,330.0574208069987,331.7566683875476,328.158216886974,331.15692138671875,38127371,0.0,0.0
2023-02-17 00:00:00+00:00,329.4076761691842,336.2547241918998,328.2581788817267,335.6050109863281,8918750,0.0,0.0
2023-02-20 00:00:00+00:00,336.80452128685084,337.7041265769087,332.8062484382372,333.8058166503906,11529057,0.0,0.0
2023-02-21 00:00:00+00:00,332.806223474288,337.80406416016467,332.806223474288,335.65496826171875,14482991,0.0,0.0
2023-02-22 00:00:00+00:00,334.405554034209,334.62945635155745,330.0574564436304,333.00616455078125,9431801,0.0,0.0
2023-02-23 00:00:00+00:00,331.6567000070682,332.5563357456928,328.70799226686245,329.3077392578125,29560599,0.0,0.0
2023-02-24 00:00:00+00:00,329.85749216323194,330.60716828178477,326.0831218222174,326.5589294433594,11256369,0.0,0.0
2023-02-27 00:00:00+00:00,327.8583637487934,329.85750011311535,323.0104519644328,323.6101989746094,10797086,0.0,0.0
2023-02-28 00:00:00+00:00,322.8105422587528,323.05042885038335,319.0621617425313,321.81097412109375,18823429,0.0,0.0
2023-03-01 00:00:00+00:00,321.01132541391945,327.6584479276225,320.26164925437996,326.458984375,20780935,0.0,0.0
2023-03-02 00:00:00+00:00,323.8600714574527,325.70927858362955,308.3667655698277,313.4645690917969,34924926,0.0,0.0
2023-03-03 00:00:00+00:00,312.3650420935794,318.2624879874264,311.5154030782051,315.6636047363281,24372453,0.0,0.0
2023-03-06 00:00:00+00:00,314.76399896446065,317.64574949911645,311.665331651442,316.86309814453125,8482074,0.0,0.0
2023-03-07 00:00:00+00:00,319.2620909416844,324.40986129593614,318.805287522201,319.91180419921875,11446764,0.0,0.0
2023-03-08 00:00:00+00:00,322.3607284187808,326.2090718976833,320.9613391094706,324.010009765625,7967963,0.0,0.0
2023-03-09 00:00:00+00:00,323.16035540264045,324.0599910985927,318.1325290662122,321.36114501953125,11600188,0.0,0.0
2023-03-10 00:00:00+00:00,321.16125309523034,321.661037199334,314.46416440288226,317.4128723144531,17184414,0.0,0.0
2023-03-13 00:00:00+00:00,316.0634372168919,316.8630794743745,309.6162109375,309.6162109375,19242229,0.0,0.0
2023-03-14 00:00:00+00:00,307.7670450518041,315.36376953125,306.3676556618958,315.36376953125,13837315,0.0,0.0
2023-03-15 00:00:00+00:00,316.0134660109404,319.2620625137505,314.8639687339028,318.3624572753906,17903259,0.0,0.0
2023-03-16 00:00:00+00:00,318.78626964884256,325.08404128376634,316.337161657507,322.33502197265625,15540276,2.4,0.0
2023-03-17 00:00:00+00:00,322.03514284640636,322.7349054891397,314.037994960074,315.2375793457031,41751250,0.0,0.0
2023-03-20 00:00:00+00:00,313.2882476466535,318.8362870365087,308.83985264761293,316.1372375488281,10327158,0.0,0.0
2023-03-21 00:00:00+00:00,316.7870184560022,323.7345529706839,314.5878210641357,323.63458251953125,10992081,0.0,0.0
2023-03-22 00:00:00+00:00,326.8834035577745,330.5820964734922,324.084414139775,328.8826904296875,13365119,0.0,0.0
2023-03-23 00:00:00+00:00,329.23259874628224,332.3814697265625,326.48357907185203,332.3814697265625,40747188,0.0,0.0
2023-03-24 00:00:00+00:00,332.58141536672736,333.1811770806897,324.8841479660819,325.6338806152344,23273350,0.0,0.0
2023-03-27 00:00:00+01:00,326.2336679628326,327.6831327588565,323.9344695690891,326.1336975097656,16924841,0.0,0.0
2023-03-28 00:00:00+01:00,325.9337464848481,327.7830930357259,319.4360638243085,320.88555908203125,20916198,0.0,0.0
2023-03-29 00:00:00+01:00,321.33539937822025,325.03406184119376,320.38572589753,323.3346862792969,32304693,0.0,0.0
2023-03-30 00:00:00+01:00,324.6342273497751,324.6342273497751,320.1858015621641,320.98553466796875,7156890,0.0,0.0
2023-03-31 00:00:00+01:00,320.83557944484517,324.6841823455548,319.97587020909816,321.88519287109375,12206635,0.0,0.0
2023-04-03 00:00:00+01:00,322.88485447517854,325.48393370851664,320.0858648433984,322.53497314453125,20325932,0.0,0.0
2023-04-04 00:00:00+01:00,326.6335037784634,330.8819885253906,324.13238166175285,330.8819885253906,13388673,0.0,0.0
2023-04-05 00:00:00+01:00,332.1815348257913,341.2782971051604,329.7823964406181,340.528564453125,22625310,0.0,0.0
2023-04-06 00:00:00+01:00,339.67883834135813,350.4750061035156,338.77916532118604,350.4750061035156,15089238,0.0,0.0
2023-04-11 00:00:00+01:00,346.37647511158235,348.72564345393863,344.52712852263386,346.576416015625,26733644,0.0,0.0
2023-04-12 00:00:00+01:00,346.4264420978321,348.9255508433271,343.8273934078762,345.6267395019531,13862221,0.0,0.0
2023-04-13 00:00:00+01:00,346.6264180850696,347.88896843919395,342.7278141488273,343.9273681640625,11649512,0.0,0.0
2023-04-14 00:00:00+01:00,344.07729618258907,345.8266722632539,343.4775039964501,344.5771179199219,14648272,0.0,0.0
2023-04-17 00:00:00+01:00,347.5260554817268,348.42572852730143,344.4271545410156,344.4271545410156,7660668,0.0,0.0
2023-04-18 00:00:00+01:00,343.87735682944935,345.62673291797125,340.678485493473,342.52783203125,10897805,0.0,0.0
2023-04-19 00:00:00+01:00,343.1775667036006,345.37679438426835,341.67810160497135,343.47747802734375,10522231,0.0,0.0
2023-04-20 00:00:00+01:00,348.77561398255057,356.0730298979554,347.2081797948658,353.4239501953125,28365992,0.0,0.0
2023-04-21 00:00:00+01:00,353.6238930010913,357.524510045645,350.82490336517566,351.9744873046875,14709552,0.0,0.0
2023-04-24 00:00:00+01:00,351.57463031101753,353.62388727843216,349.57534331580376,350.6749267578125,11597078,0.0,0.0
2023-04-25 00:00:00+01:00,348.075867584236,350.6249462236677,346.1265506199428,349.8752136230469,12092425,0.0,0.0
2023-04-26 00:00:00+01:00,349.12549960227835,354.22368765915616,348.02588562817544,351.7245788574219,19254466,0.0,0.0
2023-04-27 00:00:00+01:00,353.17402546393583,354.8734315642465,349.67527332175314,351.0747985839844,15350517,0.0,0.0
2023-04-28 00:00:00+01:00,351.67454996136706,352.97410473728183,349.1254713922484,350.8748474121094,14768499,0.0,0.0
2023-05-02 00:00:00+01:00,351.07479946144326,352.9741159563214,348.77560117252955,352.8741455078125,14975017,0.0,0.0
2023-05-03 00:00:00+01:00,339.8787998257213,345.3268692609016,337.8795127679229,340.7784729003906,27088962,0.0,0.0
2023-05-04 00:00:00+01:00,341.578186392762,344.10228005680136,335.6202893381741,337.1297607421875,22999099,0.0,0.0
2023-05-05 00:00:00+01:00,338.579275700475,342.3279389367217,338.07945393564216,341.3782653808594,11057829,0.0,0.0
2023-05-09 00:00:00+01:00,344.2772165025212,344.67706780257964,336.9298306504893,338.5292663574219,10392691,0.0,0.0
2023-05-10 00:00:00+01:00,338.2793560332474,340.4785839472038,335.08051512086394,339.7288513183594,12418690,0.0,0.0
2023-05-11 00:00:00+01:00,342.8777236281532,348.2757924760613,340.48657806271336,342.727783203125,11071521,0.0,0.0
2023-05-12 00:00:00+01:00,345.1768838820311,350.37504221746593,339.92875557492215,342.8777160644531,60146313,0.0,0.0
2023-05-15 00:00:00+01:00,346.0265805125048,347.975897478717,343.1656013938264,345.4267883300781,44315056,0.0,0.0
2023-05-16 00:00:00+01:00,345.42680910810986,348.17582881178424,343.4275220508922,346.42645263671875,38954825,0.0,0.0
2023-05-17 00:00:00+01:00,344.12725857478415,345.42678286055036,339.1790112814875,339.6788330078125,33435767,0.0,0.0
2023-05-18 00:00:00+01:00,341.02836173268105,341.8780647786458,335.83023402252127,337.3796691894531,18389549,0.0,0.0
2023-05-19 00:00:00+01:00,336.38001942607025,342.8777018221162,336.2300790105778,339.9287414550781,28607640,0.0,0.0
2023-05-22 00:00:00+01:00,341.07838103613483,341.93107378552173,337.8315225333979,339.2290344238281,34737906,0.0,0.0
2023-05-23 00:00:00+01:00,336.87985200244395,339.4789311459389,335.2804163367011,336.2800598144531,19388630,0.0,0.0
2023-05-24 00:00:00+01:00,332.43144483180987,334.0808810672911,329.2326038289273,332.4814453125,27243409,0.0,0.0
2023-05-25 00:00:00+01:00,331.48179723253406,331.95663400572954,326.38360918074466,327.93304443359375,10975926,0.0,0.0
2023-05-26 00:00:00+01:00,326.183661586605,331.7816712834703,326.183661586605,329.8823547363281,16939766,0.0,0.0
2023-05-30 00:00:00+01:00,329.88236127541103,331.43179652720676,320.8355996309923,321.6852722167969,9150524,0.0,0.0
2023-05-31 00:00:00+01:00,319.9358944647492,323.23473636508953,318.0865783691406,318.0865783691406,30691284,0.0,0.0
2023-06-01 00:00:00+01:00,318.2365278677788,322.08516160788366,316.6370920983807,321.53533935546875,14795806,0.0,0.0
2023-06-02 00:00:00+01:00,321.5853346285287,327.0833740234375,320.8605869705872,327.0833740234375,15598412,0.0,0.0
2023-06-05 00:00:00+01:00,329.03263147683305,331.6317105166602,328.33289937433517,330.082275390625,9804959,0.0,0.0
2023-06-06 00:00:00+01:00,326.0337326920329,330.5321285975064,324.284356506571,327.4332275390625,13437956,0.0,0.0
2023-06-07 00:00:00+01:00,327.03335270228916,330.93195610525703,325.3339771198147,326.0837097167969,22626340,0.0,0.0
2023-06-08 00:00:00+01:00,322.8848351275238,327.0333493536742,322.8848351275238,324.53424072265625,11006376,0.0,0.0
2023-06-09 00:00:00+01:00,324.33431809733133,326.13366404108655,320.5856552922614,320.735595703125,9604157,0.0,0.0
2023-06-12 00:00:00+01:00,322.53493681459906,323.5345802143075,320.78556086510923,321.23541259765625,6562288,0.0,0.0
2023-06-13 00:00:00+01:00,320.8355651490763,321.88517852855625,316.63705061776454,318.93621826171875,10797497,0.0,0.0
2023-06-14 00:00:00+01:00,318.2365241786272,321.48536565420807,317.6367319587185,318.78631591796875,13441022,0.0,0.0
2023-06-15 00:00:00+01:00,320.285772013727,323.57460767794527,318.6863363088164,320.98553466796875,8951724,0.0,0.0
2023-06-16 00:00:00+01:00,320.83560386333824,326.03373192677583,320.63566295421776,325.6338806152344,33845363,0.0,0.0
2023-06-19 00:00:00+01:00,324.8841464044248,326.5835526036816,319.78595831335394,322.03515625,5849117,0.0,0.0
2023-06-20 00:00:00+01:00,321.43535593995387,323.8844947231012,320.48571291685283,320.98553466796875,13005667,0.0,0.0
2023-06-21 00:00:00+01:00,319.33613220916806,324.7342010742864,319.03622085145656,322.53497314453125,9607276,0.0,0.0
2023-06-22 00:00:00+01:00,321.6353137207031,325.33400707572696,321.53534326389433,324.8841552734375,10718318,0.0,0.0
2023-06-23 00:00:00+01:00,325.5838985107953,330.7820263805625,324.28434366332965,326.8834228515625,11574171,0.0,0.0
2023-06-26 00:00:00+01:00,327.3332822427611,327.3332822427611,319.68598492304346,321.08551025390625,12597641,0.0,0.0
2023-06-27 00:00:00+01:00,321.3853851284099,322.04713643437293,317.4867815812246,319.1861572265625,28261736,0.0,0.0
2023-06-28 00:00:00+01:00,317.8866328797336,319.23615770556273,315.43749410298074,319.1861572265625,13390079,0.0,0.0
2023-06-29 00:00:00+01:00,320.28576603446817,322.13511258041217,317.43677600495425,319.0862121582031,8656526,0.0,0.0
2023-06-30 00:00:00+01:00,319.73599343330153,322.33507274728214,318.3304887541026,322.1351318359375,11543890,0.0,0.0
2023-07-03 00:00:00+01:00,322.9847882053556,326.2336292509701,317.88660077089827,320.6356201171875,10591136,0.0,0.0
2023-07-04 00:00:00+01:00,316.2871929440021,322.63493518294575,315.9883188218505,320.88555908203125,26604638,0.0,0.0
2023-07-05 00:00:00+01:00,320.7356248525453,322.2850600834465,317.7366943359375,317.7366943359375,10747498,0.0,0.0
2023-07-06 00:00:00+01:00,317.5367583511364,317.8866396848338,310.839165064312,311.5888977050781,13835836,0.0,0.0
2023-07-07 00:00:00+01:00,309.88946469517305,311.13901898829874,306.6905935020926,308.68988037109375,9178477,0.0,0.0
2023-07-10 00:00:00+01:00,307.64027837735466,312.0387035509472,307.3903675094608,311.2889709472656,8164226,0.0,0.0
2023-07-11 00:00:00+01:00,312.038694417504,312.08869489363786,308.19006106324923,308.4399719238281,22394138,0.0,0.0
2023-07-12 00:00:00+01:00,310.1893528163017,313.53816450195825,309.13973938807527,312.9883728027344,17803187,0.0,0.0
2023-07-13 00:00:00+01:00,313.7381050905973,315.83736245170235,312.0386990109652,312.3885803222656,17611327,0.0,0.0
2023-07-14 00:00:00+01:00,311.6888311922775,315.6874051934957,311.6888311922775,314.1379699707031,11041794,0.0,0.0
2023-07-17 00:00:00+01:00,314.83775145537635,317.13691944092034,314.437869625977,316.5871276855469,17281425,0.0,0.0
2023-07-18 00:00:00+01:00,314.93765321948194,316.9369400972611,313.58815898233837,316.1372375488281,7067676,0.0,0.0
2023-07-19 00:00:00+01:00,317.88662668475666,328.80372312517676,317.88662668475666,327.38323974609375,21295414,0.0,0.0
2023-07-20 00:00:00+01:00,327.9830344957052,334.48071716734,325.6338661976976,332.78131103515625,24279988,0.0,0.0
2023-07-21 00:00:00+01:00,333.88088958309567,337.7295227050781,332.631335355614,337.7295227050781,21196186,0.0,0.0
2023-07-24 00:00:00+01:00,337.32969861572275,339.5288959291548,333.48106518384475,336.1800842285156,10698908,0.0,0.0
2023-07-25 00:00:00+01:00,334.78060966183796,336.7798967073033,332.98126352359884,335.9801940917969,13224029,0.0,0.0
2023-07-26 00:00:00+01:00,335.98018950546145,338.17938692143343,334.83060557135127,337.0798034667969,13753797,0.0,0.0
2023-07-27 00:00:00+01:00,339.2789881044379,339.7288398692637,336.2300877192336,337.1297607421875,12878981,0.0,0.0
2023-07-28 00:00:00+01:00,334.380743598372,337.67955487513865,333.9438876836431,336.8798522949219,12982272,0.0,0.0
2023-07-31 00:00:00+01:00,338.42928201909007,344.02729151030377,336.1800842285156,336.1800842285156,14595296,0.0,0.0
2023-08-01 00:00:00+01:00,337.3796809803356,337.3796809803356,329.8823547363281,329.8823547363281,11221677,0.0,0.0
2023-08-02 00:00:00+01:00,329.88236903698703,330.58213171944243,320.4357253573388,321.53533935546875,16869424,0.0,0.0
2023-08-03 00:00:00+01:00,321.8852069532179,324.83416748046875,314.4378506766208,324.83416748046875,15439443,0.0,0.0
2023-08-04 00:00:00+01:00,324.3343339783155,324.9340956511371,320.3357601237846,321.6352844238281,10187196,0.0,0.0
2023-08-07 00:00:00+01:00,320.7855642536826,322.78485107421875,318.7862774331465,322.78485107421875,8421286,0.0,0.0
2023-08-08 00:00:00+01:00,322.58498388613015,325.7338549487284,322.31005750614065,322.73492431640625,27677353,0.0,0.0
2023-08-09 00:00:00+01:00,325.13408524753413,328.5328674316406,323.23577520464596,328.5328674316406,11814663,0.0,0.0
2023-08-10 00:00:00+01:00,329.7823496360338,336.2300617311219,328.882676682618,336.0301208496094,14208105,0.0,0.0
2023-08-11 00:00:00+01:00,335.8801988762042,338.67918833082706,335.1304662894269,337.2796936035156,15778618,0.0,0.0
2023-08-14 00:00:00+01:00,337.82953366500544,339.52890931419216,336.67991923247774,337.3297119140625,19530543,0.0,0.0
2023-08-15 00:00:00+01:00,337.92946308825253,338.22937443349963,329.8823453513014,331.4817810058594,10330523,0.0,0.0
2023-08-16 00:00:00+01:00,329.6324547440477,331.3818309254035,325.234029303693,325.6338806152344,13339396,0.0,0.0
2023-08-17 00:00:00+01:00,321.9351723947461,327.68312243801637,321.63529155168953,325.9337463378906,13784456,0.0,0.0
2023-08-18 00:00:00+01:00,321.585327414334,323.08479267021676,319.136188627046,322.1850891113281,16484204,0.0,0.0
2023-08-21 00:00:00+01:00,319.9358834424715,326.0337147693553,319.53603215197217,321.7352600097656,8291332,0.0,0.0
2023-08-22 00:00:00+01:00,323.8345307250545,326.533549926855,320.23580794928785,322.8848571777344,9738714,0.0,0.0
2023-08-23 00:00:00+01:00,323.3846649691011,327.3832388790745,322.78487278126545,325.5838928222656,6798594,0.0,0.0
2023-08-24 00:00:00+01:00,324.95206723344666,327.9511634903622,324.6021970768477,326.2016906738281,4930839,1.8,0.0
2023-08-25 00:00:00+01:00,325.7518237109383,330.75031715284814,325.2129846534981,327.6512451171875,9059226,0.0,0.0
2023-08-29 00:00:00+01:00,327.30136422725786,331.45010793274366,326.20168950199565,326.5016174316406,13315902,0.0,0.0
2023-08-30 00:00:00+01:00,327.0014707485724,328.2510941995312,323.65247379832584,325.5019226074219,9250617,0.0,0.0
2023-08-31 00:00:00+01:00,326.2516781432222,327.4013255511143,321.15320865128393,322.40283203125,82536021,0.0,0.0
2023-09-01 00:00:00+01:00,323.25259222559424,323.25259222559424,319.8036193847656,319.8036193847656,14211201,0.0,0.0
2023-09-04 00:00:00+01:00,319.00385836335096,319.75363238151533,314.05533764011284,315.6048889160156,7574831,0.0,0.0
2023-09-05 00:00:00+01:00,314.0053560213619,317.80419873585305,312.65575672518827,313.9553527832031,13066203,0.0,0.0
2023-09-06 00:00:00+01:00,312.50579757333963,321.72302015441943,309.6066776504867,312.7057189941406,8492882,0.0,0.0
2023-09-07 00:00:00+01:00,308.8569394080153,316.2047007755568,308.8569394080153,315.155029296875,13655055,0.0,0.0
2023-09-08 00:00:00+01:00,316.6045906631024,319.55368352465365,315.95476210104744,318.7539367675781,15469257,0.0,0.0
2023-09-11 00:00:00+01:00,318.85390506917355,325.2519704970197,318.85390506917355,324.7021179199219,11517507,0.0,0.0
2023-09-12 00:00:00+01:00,324.70213650914275,328.45100676059553,323.35256762532714,323.8524169921875,16517223,0.0,0.0
2023-09-13 00:00:00+01:00,316.854510345751,322.0529252015999,316.754534375596,320.05352783203125,9497670,0.0,0.0
2023-09-14 00:00:00+01:00,321.2531917048491,329.35075748720334,319.0038695713276,328.4010314941406,19403709,0.0,0.0
2023-09-15 00:00:00+01:00,329.90057490042676,333.4994963646536,327.2513794157819,329.6006774902344,29225277,0.0,0.0
2023-09-18 00:00:00+01:00,328.6009714603132,333.1995610255632,326.80149551408323,327.55126953125,17902960,0.0,0.0
2023-09-19 00:00:00+01:00,326.7515476428372,326.80152037776384,323.7024481026813,325.10205078125,15871380,0.0,0.0
2023-09-20 00:00:00+01:00,327.7012367645346,334.49920654296875,326.48361662735357,334.49920654296875,11412771,0.0,0.0
2023-09-21 00:00:00+01:00,334.54918644933235,338.69793023286877,332.99966556302843,336.548583984375,23038925,0.0,0.0
2023-09-22 00:00:00+01:00,335.0490278592478,337.49830198473876,333.34955829993845,334.6991271972656,13674040,0.0,0.0
2023-09-25 00:00:00+01:00,330.50039517774815,333.9993406156376,328.0011484363986,330.9002685546875,8059935,0.0,0.0
2023-09-26 00:00:00+01:00,329.900582147525,331.9039762134172,329.14281490052673,331.6500549316406,11327121,0.0,0.0
2023-09-27 00:00:00+01:00,330.8503093227412,334.84910427206154,329.5007099256688,331.35015869140625,11347572,0.0,0.0
2023-09-28 00:00:00+01:00,329.3007666774134,334.3492637393795,328.9008932735906,332.9996643066406,18968054,0.0,0.0
2023-09-29 00:00:00+01:00,333.8993721266942,342.2968352641319,333.14959808748756,340.747314453125,22953063,0.0,0.0
2023-10-02 00:00:00+01:00,340.79726740245667,343.99631532072067,336.74850002912495,337.9481201171875,21479298,0.0,0.0
2023-10-03 00:00:00+01:00,337.44828959917464,342.946632540706,337.27335452711577,340.9472351074219,15336538,0.0,0.0
2023-10-04 00:00:00+01:00,339.647646389671,343.8463932945306,336.6985229078786,339.0478210449219,26373991,0.0,0.0
2023-10-05 00:00:00+01:00,340.3474283061063,344.03930870285706,336.148681640625,336.148681640625,21877118,0.0,0.0
2023-10-06 00:00:00+01:00,330.9002745586894,337.1983642578125,329.4506992190516,337.1983642578125,49930344,0.0,0.0
2023-10-09 00:00:00+01:00,338.49798197571624,343.64642411902287,337.8981566610319,339.4976806640625,27924298,0.0,0.0
2023-10-10 00:00:00+01:00,342.09693251298194,343.8464053666986,338.390041650503,339.8975830078125,65212163,0.0,0.0
2023-10-11 00:00:00+01:00,340.2974442742637,340.84729688513085,334.6991252404327,335.198974609375,28951461,0.0,0.0
2023-10-12 00:00:00+01:00,338.9978673446973,339.79761417700905,336.4986203582403,338.09814453125,15893999,0.0,0.0
2023-10-13 00:00:00+01:00,335.74881215320295,338.3480348567374,329.9005686973461,331.2001647949219,14165831,0.0,0.0
2023-10-16 00:00:00+01:00,332.89965551810286,334.5991554523289,329.85058679253615,333.5994567871094,8288887,0.0,0.0
2023-10-17 00:00:00+01:00,333.69944347191483,339.1977868098836,333.093638453371,338.5979919433594,16909461,0.0,0.0
2023-10-18 00:00:00+01:00,339.1977840300356,341.8969829408174,337.33634538882535,339.2977600097656,23571610,0.0,0.0
2023-10-19 00:00:00+01:00,336.59859516269955,337.5982939537876,334.0493449403935,334.5491943359375,18908706,0.0,0.0
2023-10-20 00:00:00+01:00,334.8491021180979,336.39862294763833,331.7000267090576,335.7987976074219,15759226,0.0,0.0
2023-10-23 00:00:00+01:00,335.99876423008726,337.3483636774155,333.09964388555073,335.9487609863281,17397678,0.0,0.0
2023-10-24 00:00:00+01:00,335.54884779220237,336.79847111223023,332.34983039796015,334.3992004394531,13023031,0.0,0.0
2023-10-25 00:00:00+01:00,334.3492427690236,336.09871549585847,330.4004206965287,334.4491882324219,22940522,0.0,0.0
2023-10-26 00:00:00+01:00,334.89909545283894,335.5488935662195,325.4019569250719,326.7515563964844,16176503,0.0,0.0
2023-10-27 00:00:00+01:00,325.55189802702205,327.2013948942145,319.4037566992764,320.9532775878906,15863623,0.0,0.0
2023-10-30 00:00:00+00:00,319.9535719398738,327.30136383581015,319.9535719398738,326.6015930175781,16081823,0.0,0.0
2023-10-31 00:00:00+00:00,327.4513016223783,331.85000037142447,326.3016542027618,329.4007263183594,15551647,0.0,0.0
2023-11-01 00:00:00+00:00,330.2504701190931,333.7993882843242,328.90087077865905,331.000244140625,19607678,0.0,0.0
2023-11-02 00:00:00+00:00,317.55429607132334,326.70153336609843,314.7551518254895,320.1035461425781,66304767,0.0,0.0
2023-11-03 00:00:00+00:00,323.40253895968016,326.50161112248526,318.05414465573347,320.303466796875,46807662,0.0,0.0
2023-11-06 00:00:00+00:00,321.90299693490994,323.3025690807761,319.50372604079877,322.65277099609375,20809678,0.0,0.0
2023-11-07 00:00:00+00:00,323.3025393914802,327.1513853204561,321.6530427100282,326.401611328125,20405228,0.0,0.0
2023-11-08 00:00:00+00:00,324.6021613969603,327.8011787476738,323.9053499652934,327.60125732421875,16782942,0.0,0.0
2023-11-09 00:00:00+00:00,325.20198220584075,330.1505030852641,324.50221140516425,328.700927734375,13104517,0.0,0.0
2023-11-10 00:00:00+00:00,327.3013553795156,328.35105734232,322.80271113191213,324.85211181640625,16133358,0.0,0.0
2023-11-13 00:00:00+00:00,325.5019177427316,325.70183918686615,321.80302017982035,322.85272216796875,8724713,0.0,0.0
2023-11-14 00:00:00+00:00,323.10263138630603,323.7024261983798,320.3764327793835,322.9026794433594,8440319,0.0,0.0
2023-11-15 00:00:00+00:00,323.7024250064384,327.35134964728854,322.95265098572395,327.1513977050781,18906303,0.0,0.0
2023-11-16 00:00:00+00:00,327.80123821743507,330.8003346887902,325.5519158639188,328.0011901855469,14062149,0.0,0.0
2023-11-17 00:00:00+00:00,328.95087543472516,331.1002522450865,325.95177905753553,326.7515563964844,26024888,0.0,0.0
2023-11-20 00:00:00+00:00,325.7518619685845,329.1008590696607,324.10236504070707,325.6518859863281,9567653,0.0,0.0
2023-11-21 00:00:00+00:00,325.20195883089275,326.9014587402344,322.35284208344007,326.9014587402344,12758949,0.0,0.0
2023-11-22 00:00:00+00:00,328.45100500435944,330.0505290714368,326.35166208147854,328.2010803222656,13645173,0.0,0.0
2023-11-23 00:00:00+00:00,329.7506246396305,330.6503473743466,327.7012239850391,330.00054931640625,14732301,0.0,0.0
2023-11-24 00:00:00+00:00,329.7006420344189,332.7497415869492,329.0008712006798,332.49981689453125,14100929,0.0,0.0
2023-11-27 00:00:00+00:00,332.8996824475499,336.2986520825747,332.7497337373135,334.49920654296875,12429650,0.0,0.0
2023-11-28 00:00:00+00:00,334.4492001674208,335.79879956367415,332.8996793288535,335.2989501953125,16107261,0.0,0.0
2023-11-29 00:00:00+00:00,335.09901489334266,335.64883697244613,329.9005694740349,331.000244140625,15445175,0.0,0.0
2023-11-30 00:00:00+00:00,331.50011289702326,331.60008887409083,327.65126659280685,329.9505615234375,41380219,0.0,0.0
2023-12-01 00:00:00+00:00,332.34985781950166,332.7997039467985,328.3510628654797,331.25018310546875,11492001,0.0,0.0
2023-12-04 00:00:00+00:00,330.250491424254,331.99996425402395,326.30166911941916,329.4507141113281,20600176,0.0,0.0
2023-12-05 00:00:00+00:00,328.5009978615529,329.4007205869727,321.5530797156216,323.0026550292969,13468046,0.0,0.0
2023-12-06 00:00:00+00:00,321.85303448909826,325.55190167081093,321.0332741673208,323.90240478515625,16018329,0.0,0.0
2023-12-07 00:00:00+00:00,321.05324300471193,323.8524177708911,320.7033423453915,323.6524658203125,29676615,0.0,0.0
2023-12-08 00:00:00+00:00,325.102021797223,326.25166917350765,322.10292576775925,324.7021179199219,15154840,0.0,0.0
2023-12-11 00:00:00+00:00,326.35168020730987,328.00117709906675,324.65218007132665,327.4513244628906,10305443,0.0,0.0
2023-12-12 00:00:00+00:00,324.65216514063246,329.45070687931116,324.65216514063246,327.4013366699219,27228473,0.0,0.0
2023-12-13 00:00:00+00:00,327.10143433092236,327.30135577046883,324.7021329892942,324.75213623046875,33594312,0.0,0.0
2023-12-14 00:00:00+00:00,325.30196442239327,329.15081067931806,318.21910738034313,319.30377197265625,18102253,0.0,0.0
2023-12-15 00:00:00+00:00,319.70363690741914,319.70363690741914,316.3046673775242,317.5542907714844,29331650,0.0,0.0
2023-12-18 00:00:00+00:00,315.654907441475,319.90362749413146,314.55523262028646,319.4037780761719,13188914,0.0,0.0
2023-12-19 00:00:00+00:00,321.0532261315184,323.20257219954874,319.95355147789877,320.15350341796875,8532629,0.0,0.0
2023-12-20 00:00:00+00:00,323.4525205472536,323.7524484793134,320.7033489661559,321.9529724121094,39098181,0.0,0.0
2023-12-21 00:00:00+00:00,321.45311266643773,323.5025133567366,320.7033386230469,320.7033386230469,11918295,0.0,0.0
2023-12-22 00:00:00+00:00,319.5536884806795,321.65306188604137,318.9538631493785,321.40313720703125,2671150,0.0,0.0
2023-12-27 00:00:00+00:00,321.1532082667634,322.802705024667,318.30406086217533,322.5028076171875,5914193,0.0,0.0
2023-12-28 00:00:00+00:00,323.85243403024316,324.4022561593623,321.85303645761223,323.4025573730469,3269044,0.0,0.0
2023-12-29 00:00:00+00:00,323.2025974409978,324.6521728487574,321.5531005859375,321.5531005859375,4071197,0.0,0.0
2024-01-02 00:00:00+00:00,320.853304717623,324.1023254394531,317.90418139753183,324.1023254394531,12626491,0.0,0.0
2024-01-03 00:00:00+00:00,324.90207219148766,330.15049028073474,324.7831200074174,328.0511169433594,10191835,0.0,0.0
2024-01-04 00:00:00+00:00,327.05144280056504,329.5506896972656,324.65217188140946,329.5506896972656,12324720,0.0,0.0
2024-01-05 00:00:00+00:00,327.15141411176694,331.15020908945087,326.1017426334787,330.7503356933594,13918843,0.0,0.0
2024-01-08 00:00:00+00:00,330.25048455482903,335.0990295410156,329.8506111608762,335.0990295410156,13374568,0.0,0.0
2024-01-09 00:00:00+00:00,336.1986762666917,338.3480529785156,334.74913138920215,338.3480529785156,11352232,0.0,0.0
2024-01-10 00:00:00+00:00,336.7485490231289,337.6982445841365,334.0993532879594,337.09844970703125,7158499,0.0,0.0
2024-01-11 00:00:00+00:00,338.5479550957512,338.69790379749884,335.4488830566406,335.4488830566406,7818791,0.0,0.0
2024-01-12 00:00:00+00:00,337.59826737551776,339.397712854456,336.2986407443881,337.3983154296875,6843622,0.0,0.0
2024-01-15 00:00:00+00:00,335.84880792365874,336.84850667561676,333.9993591308594,333.9993591308594,7761771,0.0,0.0
2024-01-16 00:00:00+00:00,333.29955976382706,338.8978789094357,332.03996007464417,333.49951171875,12054319,0.0,0.0
2024-01-17 00:00:00+00:00,325.9017815853238,331.05022387372196,325.7018296386665,329.2007751464844,40508238,0.0,0.0
2024-01-18 00:00:00+00:00,331.10020916342756,331.7000039541134,325.9017639160156,325.9017639160156,64710977,0.0,0.0
2024-01-19 00:00:00+00:00,326.75153469790166,328.45100422708754,324.9020859531072,328.4010314941406,69180947,0.0,0.0
2024-01-22 00:00:00+00:00,329.4007480762623,330.35047412080763,323.3025794153585,323.90240478515625,18053588,0.0,0.0
2024-01-23 00:00:00+00:00,325.6018844102805,326.1017337689034,318.70393885457815,321.30316162109375,35194431,0.0,0.0
2024-01-24 00:00:00+00:00,316.8045027961428,319.7536260794849,312.91468405298474,313.2555847167969,20878943,0.0,0.0
2024-01-25 00:00:00+00:00,311.50614750413035,315.8048400762271,310.3565000030706,311.95599365234375,22711188,0.0,0.0
2024-01-26 00:00:00+00:00,312.90571229931425,317.8542333712996,312.6058148742664,317.7042541503906,50259994,0.0,0.0
2024-01-29 00:00:00+00:00,317.7042581543168,322.60280655332406,316.9544840738629,320.55340576171875,12015460,0.0,0.0
2024-01-30 00:00:00+00:00,320.1535173126332,325.05203497311686,320.1535173126332,320.50341796875,15721281,0.0,0.0
2024-01-31 00:00:00+00:00,321.65306188604137,325.40193207119336,320.4034384909907,321.40313720703125,22605470,0.0,0.0
2024-02-01 00:00:00+00:00,320.45343999286183,325.6518859863281,318.6040216088581,325.6518859863281,27668691,0.0,0.0
2024-02-02 00:00:00+00:00,327.1514218374399,328.4510180325233,324.902099609375,324.902099609375,30252960,0.0,0.0
2024-02-05 00:00:00+00:00,324.702146944361,330.5004180913156,324.702146944361,328.95086669921875,14834871,0.0,0.0
2024-02-06 00:00:00+00:00,329.2507776129109,330.6503497110694,327.4513016223783,329.4007263183594,46993535,0.0,0.0
2024-02-07 00:00:00+00:00,328.8508903382194,329.55066110354846,326.8514929943382,329.0508117675781,15556791,0.0,0.0
2024-02-08 00:00:00+00:00,326.70152229228097,329.75062162611033,322.9026794433594,322.9026794433594,21033747,0.0,0.0
2024-02-09 00:00:00+00:00,321.15323589967574,322.70275681895015,318.35409149441034,319.3537902832031,16951403,0.0,0.0
2024-02-12 00:00:00+00:00,317.3543616051408,321.40312909962114,317.20438239481103,319.5536804199219,16301914,0.0,0.0
2024-02-13 00:00:00+00:00,318.8539011210943,320.2034699109365,316.65455185670044,317.80419921875,12420281,0.0,0.0
2024-02-14 00:00:00+00:00,318.25408239870734,318.90388044213233,315.8048084176639,316.104736328125,11539255,0.0,0.0
2024-02-15 00:00:00+00:00,317.95418363730334,321.4031566193096,315.54090932662086,320.3534851074219,16713895,0.0,0.0
2024-02-16 00:00:00+00:00,321.4031313964088,326.25167618322564,320.2534839954233,322.9026794433594,24005968,0.0,0.0
2024-02-19 00:00:00+00:00,322.8027189256467,325.25199305627507,321.8530234221424,322.85272216796875,14907936,0.0,0.0
2024-02-20 00:00:00+00:00,323.3025577778989,325.90178053414246,322.2528863322927,325.5518798828125,17835255,0.0,0.0
2024-02-21 00:00:00+00:00,324.55218584480565,326.20168264382716,323.40253840963214,324.3522644042969,11003441,0.0,0.0
2024-02-22 00:00:00+00:00,325.75181330311443,328.00113528010763,324.85209061399354,326.401611328125,15397743,0.0,0.0
2024-02-23 00:00:00+00:00,327.3013614737541,330.0505330095893,325.15201528377804,327.2013854980469,12997992,0.0,0.0
2024-02-26 00:00:00+00:00,327.55128281305883,328.60098478468615,324.1023404992709,324.1523132324219,17137727,0.0,0.0
2024-02-27 00:00:00+00:00,322.552797767844,324.05234590298824,318.70395145263024,321.9529724121094,14396957,0.0,0.0
2024-02-28 00:00:00+00:00,319.5037301306309,320.20350095832913,312.05596215751564,313.8554382324219,18448252,0.0,0.0
2024-02-29 00:00:00+00:00,329.9005833189239,342.0469168758074,325.751839660681,331.35015869140625,109078114,0.0,0.0
2024-03-01 00:00:00+00:00,333.19958207877124,334.89908216175195,324.30226928122556,330.050537109375,38424333,0.0,0.0
2024-03-04 00:00:00+00:00,329.05083488536116,330.75033495041316,322.1529196660277,323.1526184082031,10252503,0.0,0.0
2024-03-05 00:00:00+00:00,321.3031885576801,326.70155598170453,318.15414343603135,322.2029113769531,13963404,0.0,0.0
2024-03-06 00:00:00+00:00,323.6024842408295,325.0520290635545,320.253487464684,322.0029602050781,18646282,0.0,0.0
2024-03-07 00:00:00+00:00,322.70272937722626,326.3516540527344,318.9538592380467,326.3516540527344,14336652,0.0,0.0
2024-03-08 00:00:00+00:00,328.40103188259917,329.3507578767852,325.90178506461893,328.3010559082031,12106842,0.0,0.0
2024-03-11 00:00:00+00:00,329.850610781188,330.9002822526539,326.00176453850594,327.4013366699219,14794581,0.0,0.0
2024-03-12 00:00:00+00:00,329.9005675477958,334.69910905422876,329.5006941736568,331.5000915527344,17923764,0.0,0.0
2024-03-13 00:00:00+00:00,331.9499554901555,332.199880175966,328.35106442119184,330.8503112792969,24092834,0.0,0.0
2024-03-14 00:00:00+00:00,327.492854421444,329.0925814416241,322.8436716067449,324.84332275390625,9859716,4.2,0.0
2024-03-15 00:00:00+00:00,319.0943299181588,323.09363226527597,319.0943299181588,322.2437744140625,37022486,0.0,0.0
2024-03-18 00:00:00+00:00,318.49443708360195,319.9941755043609,312.0955592574818,314.945068359375,22146029,0.0,0.0
2024-03-19 00:00:00+00:00,311.94558727146466,325.14329739939046,310.7957939336524,320.3441162109375,102516897,0.0,0.0
2024-03-20 00:00:00+00:00,325.9431501137932,326.29309518109056,308.3162196597274,317.3946533203125,42360183,0.0,0.0
2024-03-21 00:00:00+00:00,318.9443836918584,325.69320685775193,317.79459029197244,323.9435119628906,32253948,0.0,0.0
2024-03-22 00:00:00+00:00,325.143314768937,328.4927062988281,323.593566698439,328.4927062988281,115709629,0.0,0.0
2024-03-25 00:00:00+00:00,327.6928319508835,331.44217785421165,325.5931921425687,330.0924072265625,107580957,0.0,0.0
2024-03-26 00:00:00+00:00,331.59215872951216,333.5918099572038,325.4932163826015,326.14312744140625,27936888,0.0,0.0
2024-03-27 00:00:00+00:00,328.19274906967627,329.94244384765625,326.54304295288904,329.94244384765625,22138720,0.0,0.0
2024-03-28 00:00:00+00:00,331.5421926726835,334.2917132187273,330.3723832331552,333.04193115234375,17237719,0.0,0.0
2024-04-02 00:00:00+01:00,331.8421061928044,333.9417460277654,323.6035531205921,323.6435546875,33366195,0.0,0.0
2024-04-03 00:00:00+01:00,323.44359045639027,324.4434160837671,320.54410223944893,322.1438293457031,18182072,0.0,0.0
2024-04-04 00:00:00+01:00,322.943660266554,325.5432128603147,321.7438573733552,324.84332275390625,24305285,0.0,0.0
2024-04-05 00:00:00+01:00,321.94382611778474,325.94312830558334,321.34392468716413,325.8431396484375,35605546,0.0,0.0
2024-04-08 00:00:00+01:00,323.34358864613426,324.3434142328646,321.5439147949219,321.5439147949219,18695197,0.0,0.0
2024-04-09 00:00:00+01:00,320.04417643050135,322.6757059022964,319.1443395048511,322.2437744140625,10735874,0.0,0.0
2024-04-10 00:00:00+01:00,322.74369157870956,323.84350584151383,320.54409356535695,322.4437561035156,10757735,0.0,0.0
2024-04-11 00:00:00+01:00,321.9438433149038,323.24360439046535,320.64408223934225,323.1436462402344,13877272,0.0,0.0
2024-04-12 00:00:00+01:00,322.4437648163601,325.24326436800254,321.34395052383746,322.84368896484375,20718615,0.0,0.0
2024-04-15 00:00:00+01:00,319.94418781103275,324.2434256298413,319.16533197816375,323.6435546875,25868057,0.0,0.0
2024-04-16 00:00:00+01:00,320.74403168962596,323.0436488154248,319.94418343593816,322.0438232421875,12362735,0.0,0.0
2024-04-17 00:00:00+01:00,322.44376046209663,323.44358607593256,319.8442077636719,319.8442077636719,17433236,0.0,0.0
2024-04-18 00:00:00+01:00,324.3434362384253,324.3434362384253,320.1441867966069,321.1440124511719,14944586,0.0,0.0
2024-04-19 00:00:00+01:00,321.54394502832656,325.8431832506038,320.84405484690546,325.7431945800781,11836166,0.0,0.0
2024-04-22 00:00:00+01:00,329.3425467552586,331.74212209439366,327.8428083542672,330.84228515625,16067924,0.0,0.0
2024-04-23 00:00:00+01:00,333.2418561531915,334.341670402039,331.24220497792544,332.741943359375,35979960,0.0,0.0
2024-04-24 00:00:00+01:00,332.8419539556319,335.84143091620336,329.54254150390625,329.54254150390625,19132238,0.0,0.0
2024-04-25 00:00:00+01:00,330.4423740668894,331.44219970703125,328.2427454536744,331.44219970703125,22088612,0.0,0.0
2024-04-26 00:00:00+01:00,332.64198959068295,335.94140186841685,330.74229653936044,334.3416748046875,23216111,0.0,0.0
2024-04-29 00:00:00+01:00,334.341683563705,335.54148652099815,331.04227119953373,331.2422180175781,20890905,0.0,0.0
2024-04-30 00:00:00+01:00,332.4420166015625,341.2404697984457,331.5421796515584,339.4407958984375,28105383,0.0,0.0
2024-05-01 00:00:00+01:00,334.74158566967327,339.87069568035736,327.8427954001572,330.9422607421875,28259913,0.0,0.0
2024-05-02 00:00:00+01:00,330.34239862879446,330.36641177608146,326.0431604089267,328.542724609375,18133381,0.0,0.0
2024-05-03 00:00:00+01:00,328.94260086550037,330.7422746227809,327.442862563682,329.8424377441406,31717298,0.0,0.0
2024-05-07 00:00:00+01:00,326.0431344259199,329.84245950292245,325.443232963168,326.6430358886719,28731227,0.0,0.0
2024-05-08 00:00:00+01:00,329.24254493744786,331.94208615627116,327.1429356697571,328.14276123046875,19490340,0.0,0.0
2024-05-09 00:00:00+01:00,326.2430942649726,330.3423854931564,325.5432346240311,327.94281005859375,9544213,0.0,0.0
2024-05-10 00:00:00+01:00,327.14295740266647,328.0427943646344,326.1431317755339,327.7428283691406,11537031,0.0,0.0
2024-05-13 00:00:00+01:00,327.7428109554869,329.64250395590943,327.34288682833403,328.34271240234375,15806721,0.0,0.0
2024-05-14 00:00:00+01:00,326.1431101427616,328.8426208496094,325.3432313867568,328.8426208496094,23662436,0.0,0.0
2024-05-15 00:00:00+01:00,328.84264261524845,332.5420096400219,328.84264261524845,331.2422180175781,25923087,0.0,0.0
2024-05-16 00:00:00+01:00,330.4423480338885,332.3420104980469,328.7426323746519,332.3420104980469,11804857,0.0,0.0
2024-05-17 00:00:00+01:00,327.9428013392857,332.042092458478,326.74299839777603,328.942626953125,39617996,0.0,0.0
2024-05-20 00:00:00+01:00,330.6423470441375,336.24134614536854,330.0424455655037,331.9421081542969,24594141,0.0,0.0
2024-05-21 00:00:00+01:00,331.24222237410004,334.34168796099124,329.7424839138872,331.44219970703125,71444473,0.0,0.0
2024-05-22 00:00:00+01:00,330.24238804727537,371.13528006323867,325.64321463340485,331.0422668457031,49591045,0.0,0.0
2024-05-23 00:00:00+01:00,330.742283312707,333.24184721474455,328.64267404479915,328.8426208496094,9564818,0.0,0.0
2024-05-24 00:00:00+01:00,327.4428796915816,327.8428038238683,322.5437404184945,322.94366455078125,14185256,0.0,0.0
2024-05-28 00:00:00+01:00,323.2436043966982,326.5430471852929,322.5437447837884,323.843505859375,30423871,0.0,0.0
2024-05-29 00:00:00+01:00,324.04348754776373,325.35923706314395,320.3441205716559,321.94384765625,43432516,0.0,0.0
2024-05-30 00:00:00+01:00,321.84387196070213,325.7931954994027,321.52294403619965,324.6434020996094,37319476,0.0,0.0
2024-05-31 00:00:00+01:00,324.44340298869497,326.4430541627393,323.3435887405195,325.0433044433594,51827682,0.0,0.0
2024-06-03 00:00:00+01:00,322.8436889181064,327.0429687572189,320.54410218046564,326.34307861328125,13342487,0.0,0.0
2024-06-04 00:00:00+01:00,325.74317278608595,328.04279000528527,320.24413190993357,322.64373779296875,16289637,0.0,0.0
2024-06-05 00:00:00+01:00,328.0427943646344,330.7423052505382,325.74317711487555,327.7428283691406,12742961,0.0,0.0
2024-06-06 00:00:00+01:00,329.24256676359397,331.8421194962247,328.7426539500979,331.2422180175781,10436125,0.0,0.0
2024-06-07 00:00:00+01:00,332.14209427437,333.17090657241545,329.14261731407976,330.2424011230469,10097479,0.0,0.0
2024-06-10 00:00:00+01:00,328.3427077665004,328.5916572520707,321.34392884724747,323.24359130859375,14788234,0.0,0.0
2024-06-11 00:00:00+01:00,325.14329741119536,326.2430811616826,320.2441275600905,321.04400634765625,18583512,0.0,0.0
2024-06-12 00:00:00+01:00,322.6437114758472,322.6437114758472,319.84418167807456,320.7440185546875,36720091,0.0,0.0
2024-06-13 00:00:00+01:00,321.0440321879567,326.043160591655,319.7842420663021,325.7431945800781,10422293,0.0,0.0
2024-06-14 00:00:00+01:00,326.7430027888931,327.64287026324683,321.04401502077394,324.2434387207031,15521597,0.0,0.0
2024-06-17 00:00:00+01:00,326.842991474194,327.3429042878627,321.64391651939275,322.84368896484375,7849729,0.0,0.0
2024-06-18 00:00:00+01:00,324.9433288574219,325.343253005872,322.6437421196413,324.9433288574219,10800650,0.0,0.0
2024-06-19 00:00:00+01:00,325.9431501116071,325.9431501116071,323.3435974131737,325.4432373046875,10119962,0.0,0.0
2024-06-20 00:00:00+01:00,326.44306724453537,329.1426086425781,324.5434046555177,329.1426086425781,34544646,0.0,0.0
2024-06-21 00:00:00+01:00,329.6425041771343,334.24167741086154,328.4427012826154,333.9417419433594,45261862,0.0,0.0
2024-06-24 00:00:00+01:00,332.3420366053625,335.1415667044793,331.0422754783756,334.24169921875,41010115,0.0,0.0
2024-06-25 00:00:00+01:00,334.3416791654059,335.44549054865325,332.4420166015625,332.4420166015625,33113457,0.0,0.0
2024-06-26 00:00:00+01:00,334.24168610749217,334.6416407575749,330.1424255544467,331.54217529296875,16917532,0.0,0.0
2024-06-27 00:00:00+01:00,332.04209245739673,333.8417663573991,326.8429870605469,326.8429870605469,15246387,0.0,0.0
2024-06-28 00:00:00+01:00,328.4426963897403,330.6423248261716,322.1438075679896,322.5437316894531,16223297,0.0,0.0
2024-07-01 00:00:00+01:00,323.24362177402696,326.04315191293426,321.37596649176834,324.6434020996094,15911424,0.0,0.0
2024-07-02 00:00:00+01:00,322.04381890956006,323.6435459076688,319.94417913155826,322.5437316894531,11763135,0.0,0.0
2024-07-03 00:00:00+01:00,323.6435460954625,326.2430681426111,321.34392899926735,326.0431213378906,24939269,0.0,0.0
2024-07-04 00:00:00+01:00,327.9428057795858,328.2427412628962,322.1438293457031,322.1438293457031,9727849,0.0,0.0
2024-07-05 00:00:00+01:00,323.14365059775963,325.4432373046875,322.6397406852671,325.4432373046875,15970956,0.0,0.0
2024-07-08 00:00:00+01:00,326.24308123866666,329.94244816542374,324.6433846876693,326.6430358886719,12450667,0.0,0.0
2024-07-09 00:00:00+01:00,325.6432231991112,332.74196083431286,325.6432231991112,331.44219970703125,15962204,0.0,0.0
2024-07-10 00:00:00+01:00,330.94226954709245,334.5416477654636,330.94226954709245,334.1417236328125,8157779,0.0,0.0
2024-07-11 00:00:00+01:00,334.34168351076585,336.1413879464207,332.9419337356499,335.4414978027344,18146637,0.0,0.0
2024-07-12 00:00:00+01:00,337.14120046702664,338.1410260549926,335.1415492910947,336.94122314453125,6900814,0.0,0.0
2024-07-15 00:00:00+01:00,336.14138357767035,338.9818610517042,332.4420166015625,332.4420166015625,7028890,0.0,0.0
2024-07-16 00:00:00+01:00,331.3421849031718,332.9419119036583,329.84244656126344,331.64215087890625,11305827,0.0,0.0
2024-07-17 00:00:00+01:00,331.54217965261324,335.9414062510688,329.4425397610928,334.5416564941406,7609485,0.0,0.0
2024-07-18 00:00:00+01:00,339.6407558090646,343.440080741919,337.24115004909896,340.0406799316406,10298281,0.0,0.0
2024-07-19 00:00:00+01:00,338.6409476101405,340.24064418246826,337.9410574755548,338.74090576171875,14282444,0.0,0.0
2024-07-22 00:00:00+01:00,339.64076885918274,342.54025699958527,338.84089007104194,339.2408142089844,16728481,0.0,0.0
2024-07-23 00:00:00+01:00,338.5409414404686,338.9538637833744,334.64162785060336,337.24114990234375,20933080,0.0,0.0
2024-07-24 00:00:00+01:00,336.0413992293935,339.8407244058725,335.55146392398603,339.6407775878906,12089061,0.0,0.0
2024-07-25 00:00:00+01:00,346.039629389528,349.6390074764732,341.0405016332859,348.2392272949219,14322852,0.0,0.0
2024-07-26 00:00:00+01:00,348.1392909416408,353.13841901080707,346.9934641815004,352.73846435546875,11126991,0.0,0.0
2024-07-29 00:00:00+01:00,351.93860287084016,356.93773075252824,348.6391906738281,348.6391906738281,9997320,0.0,0.0
2024-07-30 00:00:00+01:00,348.4392308141455,351.6386850236544,345.9396667480469,345.9396667480469,14029993,0.0,0.0
2024-07-31 00:00:00+01:00,351.5386831602249,351.93860729333437,348.73915320394735,349.5390319824219,15397270,0.0,0.0
2024-08-01 00:00:00+01:00,359.83722355272414,363.83652591065885,351.1387592315695,357.93756103515625,14482705,0.0,0.0
2024-08-02 00:00:00+01:00,359.7372351227353,372.60400919352895,359.4912758306817,367.73583984375,26989049,0.0,0.0
2024-08-05 00:00:00+01:00,366.8360029523091,375.16954070343036,365.1363177562743,369.1356201171875,24464554,0.0,0.0
2024-08-06 00:00:00+01:00,367.5358886935435,368.7356610801765,359.74122798071124,368.2357482910156,29637315,0.0,0.0
2024-08-07 00:00:00+01:00,367.4359173698221,373.9347839355469,366.83601589207314,373.9347839355469,15887168,0.0,0.0
2024-08-08 00:00:00+01:00,373.53485107421875,373.9347752126367,370.63536293036873,373.53485107421875,13850820,0.0,0.0
2024-08-09 00:00:00+01:00,370.1354630102431,377.63415528749874,369.2136267021358,376.93426513671875,13693728,0.0,0.0
2024-08-12 00:00:00+01:00,377.93406878622636,377.93406878622636,373.1349182128906,373.1349182128906,14363621,0.0,0.0
2024-08-13 00:00:00+01:00,374.43469674226696,374.83462089000767,372.0351213435663,374.6346740722656,11872607,0.0,0.0
2024-08-14 00:00:00+01:00,375.93440010423984,377.23416109118807,371.07425575929284,373.7347717285156,10975180,0.0,0.0
2024-08-15 00:00:00+01:00,372.5549592292918,376.45448162139706,372.5549592292918,375.0546569824219,8761556,2.0,0.0
2024-08-16 00:00:00+01:00,373.4548624260699,374.95468115067257,370.0552794197485,370.1552734375,19406873,0.0,0.0
2024-08-19 00:00:00+01:00,368.4554705465994,372.8549327488553,368.35547652779775,371.9550476074219,35072272,0.0,0.0
2024-08-20 00:00:00+01:00,371.55510082017713,372.9549255371094,370.15326218648585,372.9549255371094,7567463,0.0,0.0
2024-08-21 00:00:00+01:00,373.8547997593872,374.4547333388094,371.85504150390625,371.85504150390625,13335177,0.0,0.0
2024-08-22 00:00:00+01:00,372.85492003181594,374.7546842686887,371.45509535800915,372.35498046875,20236443,0.0,0.0
2024-08-23 00:00:00+01:00,372.3549695448024,372.3549695448024,369.4553262668658,371.2550964355469,16902869,0.0,0.0
2024-08-27 00:00:00+01:00,369.65531371152156,372.15501144959273,368.7553981147052,371.7550354003906,12936460,0.0,0.0
2024-08-28 00:00:00+01:00,372.7549356676499,376.1545491956314,372.7549356676499,374.4547424316406,8765772,0.0,0.0
2024-08-29 00:00:00+01:00,374.35473789574127,378.154296875,373.85479833377747,378.154296875,16405306,0.0,0.0
2024-08-30 00:00:00+01:00,378.65423798738095,384.55351873993123,378.65423798738095,381.9538269042969,101102308,0.0,0.0
2024-09-02 00:00:00+01:00,382.3537781967697,382.6687425679394,379.9540743562451,382.2537841796875,24743894,0.0,0.0
2024-09-03 00:00:00+01:00,382.353759765625,383.75358439562916,380.653983612723,382.353759765625,7946782,0.0,0.0
2024-09-04 00:00:00+01:00,380.554010621535,386.00135027825763,380.464025159695,385.053466796875,12705133,0.0,0.0
2024-09-05 00:00:00+01:00,386.753239394769,389.1529737434217,384.8534751303272,388.0531005859375,29733860,0.0,0.0
2024-09-06 00:00:00+01:00,386.7532192981069,390.65277215509207,386.56323983014556,389.65289306640625,26508509,0.0,0.0
2024-09-09 00:00:00+01:00,390.5527804068837,392.9524841308594,389.852852835192,392.9524841308594,8006721,0.0,0.0
2024-09-10 00:00:00+01:00,391.1527179352387,395.7081668918035,391.0697201579992,394.75225830078125,13893436,0.0,0.0
2024-09-11 00:00:00+01:00,395.85212623166524,396.5520538012875,393.1064560493397,393.9523620605469,12150430,0.0,0.0
2024-09-12 00:00:00+01:00,394.85227362100085,396.3520923588729,387.1392165325936,387.3531799316406,13652744,0.0,0.0
2024-09-13 00:00:00+01:00,389.15296774871933,393.3524417663911,387.55315504555847,393.052490234375,8243970,0.0,0.0
2024-09-16 00:00:00+01:00,393.35242850285465,397.2519508570215,393.2524344909246,393.9523620605469,9641121,0.0,0.0
2024-09-17 00:00:00+01:00,396.55208080611953,397.851911508063,394.65231650562896,396.9520263671875,28517647,0.0,0.0
2024-09-18 00:00:00+01:00,397.6519297601006,400.60054783462317,394.91724455792337,396.75201416015625,18462499,0.0,0.0
2024-09-19 00:00:00+01:00,395.8521297608557,397.251954398692,387.2531633943062,390.9527282714844,15208082,0.0,0.0
2024-09-20 00:00:00+01:00,389.15297826889577,391.3526940955549,386.25330431620176,389.3529357910156,27096563,0.0,0.0
2024-09-23 00:00:00+01:00,389.7528741175444,395.5521914014399,388.5530374654171,395.3522033691406,18908709,0.0,0.0
2024-09-24 00:00:00+01:00,392.0525990486046,394.1523512497914,388.7529797284857,392.9524841308594,12890150,0.0,0.0
2024-09-25 00:00:00+01:00,391.1527259991981,395.6941691744796,390.9527379685945,393.052490234375,17072302,0.0,0.0
2024-09-26 00:00:00+01:00,393.3524453833874,394.45231853404226,387.75311612778154,390.0528564453125,14298241,0.0,0.0
2024-09-27 00:00:00+01:00,389.3529211569676,397.6519361172165,388.353042042279,396.55206298828125,35306021,0.0,0.0
2024-09-30 00:00:00+01:00,396.3520855397474,398.95177741011,392.65255102498,392.8525085449219,9892450,0.0,0.0
2024-10-01 00:00:00+01:00,387.95308637015427,395.85212506718136,379.95405366149134,394.9522399902344,55798730,0.0,0.0
2024-10-02 00:00:00+01:00,395.9521301941771,396.05212420862006,389.4529159359393,390.75274658203125,27821110,0.0,0.0
2024-10-03 00:00:00+01:00,392.45256270198433,395.65218815759465,386.86723928702486,388.0531005859375,101599069,0.0,0.0
2024-10-04 00:00:00+01:00,387.45316881943467,388.9529875374454,382.0538275373741,386.55328369140625,27021455,0.0,0.0
2024-10-07 00:00:00+01:00,384.5535248523894,384.95347040717735,374.8546849508604,376.9544372558594,23427452,0.0,0.0
2024-10-08 00:00:00+01:00,377.5543678246159,379.4541320800781,375.45461553641456,379.4541320800781,19621523,0.0,0.0
2024-10-09 00:00:00+01:00,380.6540056154325,381.15394519175226,377.15442858119405,379.254150390625,15403948,0.0,0.0
2024-10-10 00:00:00+01:00,379.25414675055924,383.45365135689474,378.65424367584546,382.2537841796875,19936481,0.0,0.0
2024-10-11 00:00:00+01:00,380.05404605354215,383.05368330650793,379.95405204233236,380.5539855957031,6914238,0.0,0.0
2024-10-14 00:00:00+01:00,379.05417724554206,382.65374814946455,378.58621624539325,382.15380859375,11222294,0.0,0.0
2024-10-15 00:00:00+01:00,382.5537431847575,385.0534408917751,379.1541604059911,381.0539245605469,19081812,0.0,0.0
2024-10-16 00:00:00+01:00,380.3540169119814,385.4534066040739,380.2200304226477,384.75347900390625,19909927,0.0,0.0
2024-10-17 00:00:00+01:00,386.4532672322634,386.4532672322634,381.05392626374936,384.85345458984375,17088769,0.0,0.0
2024-10-18 00:00:00+01:00,380.95394204426674,384.8534644820995,378.9541838183126,381.65386962890625,9777591,0.0,0.0
2024-10-21 00:00:00+01:00,381.9538253403694,382.3537708871626,378.154296875,378.154296875,24296596,0.0,0.0
2024-10-22 00:00:00+01:00,377.5543535593149,378.45423864486054,374.75467377619816,376.0545349121094,9915483,0.0,0.0
2024-10-23 00:00:00+01:00,374.95467957272473,378.6542446167316,374.95467957272473,376.4544982910156,36512133,0.0,0.0
2024-10-24 00:00:00+01:00,379.35412491225026,379.75407044997337,375.6905664205961,375.0546569824219,36444042,0.0,0.0
2024-10-25 00:00:00+01:00,375.65459113345327,377.15440978767697,374.5547180175781,374.5547180175781,31269321,0.0,0.0
2024-10-28 00:00:00+00:00,375.4546167330824,378.8541997032538,372.9549188853255,378.4542541503906,9368004,0.0,0.0
2024-10-29 00:00:00+00:00,379.95407776775284,380.354023325783,374.4547424316406,374.4547424316406,10110691,0.0,0.0
2024-10-30 00:00:00+00:00,373.954791974972,374.4267197861048,369.25534789165596,373.3548583984375,15169512,0.0,0.0
2024-10-31 00:00:00+00:00,369.9552766688113,372.35498046875,362.0562376751469,372.35498046875,31641272,0.0,0.0
2024-11-01 00:00:00+00:00,370.25523451372254,373.05491442295835,366.6556940093891,372.155029296875,49300273,0.0,0.0
2024-11-04 00:00:00+00:00,370.25521675754794,374.75467268607605,370.1552532591358,371.7550354003906,44832851,0.0,0.0
2024-11-05 00:00:00+00:00,371.755039518551,372.55496111192804,367.2555835401796,368.2554626464844,10559803,0.0,0.0
2024-11-06 00:00:00+00:00,369.55532856795486,370.8951629260483,363.9559993975229,364.2559509277344,11970157,0.0,0.0
2024-11-07 00:00:00+00:00,365.755760392006,366.6556759877471,360.5564074113633,361.6562805175781,19447307,0.0,0.0
2024-11-08 00:00:00+00:00,364.55593416562806,365.15586774190484,361.35630876807807,363.2560729980469,14467574,0.0,0.0
2024-11-11 00:00:00+00:00,364.95586698531815,366.15573409603064,362.6561572893221,363.6560363769531,16533140,0.0,0.0
2024-11-12 00:00:00+00:00,363.2560679859568,363.29607169419376,355.45702314363507,357.1568298339844,18059427,0.0,0.0
2024-11-13 00:00:00+00:00,356.2569148138876,357.0368192994088,352.65737442772115,356.6568908691406,17563064,0.0,0.0
2024-11-14 00:00:00+00:00,357.9567213532674,362.35618333416113,356.05695714718706,361.95623779296875,22318618,0.0,0.0
2024-11-15 00:00:00+00:00,361.3563114984288,367.1556287610707,361.05635996496864,366.0557556152344,13674574,0.0,0.0
2024-11-18 00:00:00+00:00,367.05561684736807,367.5315419581777,362.95610651126765,365.6557922363281,8576970,0.0,0.0
2024-11-19 00:00:00+00:00,367.0556214535685,368.45544608217494,365.83177041914564,366.95562744140625,9826498,0.0,0.0
2024-11-20 00:00:00+00:00,366.95563774161644,369.3553415314268,364.8558854828239,368.5554504394531,17623407,0.0,0.0
2024-11-21 00:00:00+00:00,369.65532513652744,373.25486557949085,367.4555788534814,372.35498046875,19147007,0.0,0.0
2024-11-22 00:00:00+00:00,375.25463257319353,382.75372619387196,374.1087749737318,380.2540283203125,12083516,0.0,0.0
2024-11-25 00:00:00+00:00,379.75408665326466,380.45401425956095,373.9227907536205,376.9544372558594,33591431,0.0,0.0
2024-11-26 00:00:00+00:00,377.7543314277519,378.05431348169213,373.65485131558034,374.4547424316406,7227457,0.0,0.0
2024-11-27 00:00:00+00:00,375.35462719371674,381.05395056014123,375.25463317583575,379.75408935546875,13537804,0.0,0.0
2024-11-28 00:00:00+00:00,378.4542340128353,379.8540586303165,373.55483259470697,374.7546691894531,6768332,0.0,0.0
2024-11-29 00:00:00+00:00,373.75479068088754,375.45459733509705,373.4248440081419,374.2547302246094,10786407,0.0,0.0
2024-12-02 00:00:00+00:00,375.35460617467606,377.0544128417969,373.2548539723175,377.0544128417969,8536645,0.0,0.0
2024-12-03 00:00:00+00:00,377.15441260346466,380.4540014618357,375.7545574379605,377.3543701171875,18057563,0.0,0.0
2024-12-04 00:00:00+00:00,376.9544303167445,378.854194552433,375.4546116284816,377.65435791015625,16945082,0.0,0.0
2024-12-05 00:00:00+00:00,376.35449278015216,377.75431743836293,375.0546621362184,375.85455322265625,15341177,0.0,0.0
2024-12-06 00:00:00+00:00,376.25451208643614,377.8543248298392,374.75469336085024,374.9546813964844,22199302,0.0,0.0
2024-12-09 00:00:00+00:00,373.75481029940727,375.5716072962119,367.4555839234189,373.1549072265625,12438371,0.0,0.0
2024-12-10 00:00:00+00:00,373.1549060195565,374.15478515625,369.9552805765816,374.15478515625,17515222,0.0,0.0
2024-12-11 00:00:00+00:00,373.354863842416,379.6541207170453,373.25486982588734,378.9541931152344,48622736,0.0,0.0
2024-12-12 00:00:00+00:00,376.25448722478603,380.7539431042347,373.75478951398117,380.5539855957031,15693622,0.0,0.0
2024-12-13 00:00:00+00:00,379.95405720165644,383.45363404430327,379.05417211632493,381.3538818359375,22431558,0.0,0.0
2024-12-16 00:00:00+00:00,380.4539973340984,381.9538159832473,375.65458986237746,380.85394287109375,22570507,0.0,0.0
2024-12-17 00:00:00+00:00,377.75431319098664,386.25328557285695,377.6543496917226,384.65350341796875,40544793,0.0,0.0
2024-12-18 00:00:00+00:00,387.7530990095157,387.7530990095157,382.05380650318676,383.85357666015625,22241138,0.0,0.0
2024-12-19 00:00:00+00:00,382.553743764347,383.1536773177178,377.45435433152755,380.5539855957031,22167969,0.0,0.0
2024-12-20 00:00:00+00:00,381.25388206877545,381.95380963229564,376.85442020720205,381.0539245605469,39768126,0.0,0.0
2024-12-23 00:00:00+00:00,379.15416098043005,384.0535623908299,376.9544147893666,380.5539855957031,11491229,0.0,0.0
2024-12-24 00:00:00+00:00,381.85382021820294,382.353759765625,379.9540560407767,382.353759765625,4651531,0.0,0.0
2024-12-27 00:00:00+00:00,382.75370360776515,382.75370360776515,376.65446556730507,378.5542297363281,14648064,0.0,0.0
2024-12-30 00:00:00+00:00,377.35436789164527,377.95430145705325,372.155014857183,374.0547790527344,8024749,0.0,0.0
2024-12-31 00:00:00+00:00,373.75479921739895,378.2542552136624,372.5549625933953,377.3543701171875,4949452,0.0,0.0
2025-01-02 00:00:00+00:00,376.15455003583355,379.75409058003504,374.8546888269695,378.75421142578125,7256469,0.0,0.0
2025-01-03 00:00:00+00:00,377.3543632015596,379.95405494342384,375.9545385755983,378.0542907714844,7147785,0.0,0.0
2025-01-06 00:00:00+00:00,376.0545400684217,378.15429230607816,373.85479381680284,376.85443115234375,24132430,0.0,0.0
2025-01-07 00:00:00+00:00,373.75479409818007,377.05441342524597,372.52996661597336,376.5544738769531,9253084,0.0,0.0
2025-01-08 00:00:00+00:00,377.6543657347023,381.25390625,375.954558980564,381.25390625,17377321,0.0,0.0
2025-01-09 00:00:00+00:00,381.95381364925606,385.25340245166547,381.75382562503614,382.85369873046875,21997463,0.0,0.0
2025-01-10 00:00:00+00:00,377.6543652009009,378.25426827667593,370.25523511818307,371.65509033203125,26986751,0.0,0.0
2025-01-13 00:00:00+00:00,370.9551670103831,373.35487088287437,368.155517578125,368.155517578125,17765449,0.0,0.0
2025-01-14 00:00:00+00:00,369.85528289435933,372.0550291788383,367.0556335449219,367.0556335449219,8676670,0.0,0.0
2025-01-15 00:00:00+00:00,367.955506535252,371.99102929890233,366.95562744140625,366.95562744140625,72093978,0.0,0.0
2025-01-16 00:00:00+00:00,367.05564257627674,371.65509277542657,366.3557149647511,369.65533447265625,66919366,0.0,0.0
2025-01-17 00:00:00+00:00,372.9549007733137,375.25461047601203,367.15561425370754,373.2548522949219,161491728,0.0,0.0
2025-01-20 00:00:00+00:00,372.554967305651,375.85455620575686,370.8551605911182,373.3548583984375,21602182,0.0,0.0
2025-01-21 00:00:00+00:00,368.4554518537622,369.95527051802446,364.2559473882724,367.2555847167969,21948856,0.0,0.0
2025-01-22 00:00:00+00:00,369.7552898293192,372.7659427314692,368.4554591667156,371.3551025390625,61709874,0.0,0.0
2025-01-23 00:00:00+00:00,370.4552252197266,375.35462695386263,369.9552856445313,374.9546813964844,18135465,0.0,0.0
2025-01-24 00:00:00+00:00,375.15465513552556,376.05454023380577,370.9551506583658,371.5550842285156,10216280,0.0,0.0
2025-01-27 00:00:00+00:00,375.1546509953248,378.45423982390116,373.25485629183504,375.0546569824219,23025579,0.0,0.0
2025-01-28 00:00:00+00:00,377.2543818488414,381.05394083410766,375.6545996591391,377.65435791015625,10815536,0.0,0.0
2025-01-29 00:00:00+00:00,374.65471261814236,376.45448280047765,372.25497835651043,374.0547790527344,12787092,0.0,0.0
2025-01-30 00:00:00+00:00,377.35437826663406,377.35437826663406,368.05551454575766,375.65460205078125,25637138,0.0,0.0
2025-01-31 00:00:00+00:00,379.0541862126803,379.21017321642,369.05539486185194,374.65472412109375,52468398,0.0,0.0
2025-02-03 00:00:00+00:00,374.854680436948,376.6544811826557,372.05503107325535,375.65460205078125,14141704,0.0,0.0
2025-02-04 00:00:00+00:00,374.3547375213652,377.9543084666829,373.04788867258753,373.3548583984375,17431829,0.0,0.0
2025-02-05 00:00:00+00:00,375.1546532122937,378.3902544356216,373.7547980511575,378.354248046875,24811456,0.0,0.0
2025-02-06 00:00:00+00:00,379.45413389660064,382.0538257652051,376.6544845081895,377.9543151855469,17962585,0.0,0.0
2025-02-07 00:00:00+00:00,374.6547124958264,379.45411998974595,374.05477893061425,379.3541259765625,9416834,0.0,0.0
2025-02-10 00:00:00+00:00,380.65398411708907,387.1531982421875,380.4539960922999,387.1531982421875,14556839,0.0,0.0
2025-02-11 00:00:00+00:00,388.1530979009335,393.1524936466236,386.4532911418429,390.3528137207031,28331979,0.0,0.0
2025-02-12 00:00:00+00:00,389.9528497556718,392.9524870614847,386.35327888591866,390.4527893066406,11401485,0.0,0.0
2025-02-13 00:00:00+00:00,390.8527400035987,391.75262510444264,384.9374700492363,391.252685546875,10667455,0.0,0.0
2025-02-14 00:00:00+00:00,389.95286332396864,390.4528028923327,382.7537213339703,384.2535400390625,16330960,0.0,0.0
2025-02-17 00:00:00+00:00,382.25376448415807,394.15235008440703,382.25376448415807,393.9523620605469,18179877,0.0,0.0
2025-02-18 00:00:00+00:00,394.9522510775251,395.55218465029407,390.75274658203125,390.75274658203125,29852019,0.0,0.0
2025-02-19 00:00:00+00:00,391.35267439560675,392.25255948457294,388.25304307682245,390.4527893066406,10792186,0.0,0.0
2025-02-20 00:00:00+00:00,389.9528428678426,390.6527704323914,384.95344744646,385.85333251953125,18279769,0.0,0.0
2025-02-21 00:00:00+00:00,383.85358113107463,391.55266242154977,382.9536960421085,390.4527893066406,19023490,0.0,0.0
2025-02-24 00:00:00+00:00,392.7525097313086,396.8520202636719,391.452679068947,396.8520202636719,13233886,0.0,0.0
2025-02-25 00:00:00+00:00,396.7520095627759,397.55193114080305,394.8522454000298,395.4521789550781,28893362,0.0,0.0
2025-02-26 00:00:00+00:00,394.65228789093914,398.351822204942,394.55229387944973,395.4521789550781,19656841,0.0,0.0
2025-02-27 00:00:00+00:00,378.9541769459326,385.75334258531745,377.0544127685064,382.353759765625,49484797,0.0,0.0
2025-02-28 00:00:00+00:00,383.65363233416616,402.25135964156436,381.8538316014607,398.3518371582031,71901400,0.0,0.0
2025-03-03 00:00:00+00:00,400.0516534610937,411.35027563481526,396.65207045860234,410.5503845214844,25177530,0.0,0.0
2025-03-04 00:00:00+00:00,412.55014367461,417.6495334458716,411.4502705060806,414.849853515625,33293037,0.0,0.0
2025-03-05 00:00:00+00:00,407.5507219790913,408.45060705464704,400.75152587890625,400.75152587890625,20923598,0.0,0.0
2025-03-06 00:00:00+00:00,399.55171373744747,399.9516592939635,393.35245081283506,395.6521911621094,13882850,0.0,0.0
2025-03-07 00:00:00+00:00,392.95249481204985,400.7515397554356,392.552549266164,399.3517150878906,11077260,0.0,0.0
2025-03-10 00:00:00+00:00,396.35206745855015,399.15174723502577,394.2523152546655,397.75189208984375,33335258,0.0,0.0
2025-03-11 00:00:00+00:00,399.45171149937534,401.95140931852035,396.45207411640126,397.3519592285156,17663824,0.0,0.0
2025-03-12 00:00:00+00:00,396.0521260201663,396.5520655807791,389.2529296875,389.2529296875,19624832,0.0,0.0
2025-03-13 00:00:00+00:00,387.0532139291376,390.05285129281384,384.6535101409744,389.2529296875,18547295,0.0,0.0
2025-03-14 00:00:00+00:00,388.9529747778131,389.4529143340828,382.553754560339,386.9532165527344,12993125,0.0,0.0
2025-03-17 00:00:00+00:00,387.65314397195164,392.2525634765625,387.1532044158949,392.2525634765625,9757880,0.0,0.0
2025-03-18 00:00:00+00:00,390.95274035908676,393.05249263770634,388.0530969809405,391.052734375,32236114,0.0,0.0
2025-03-19 00:00:00+00:00,391.3526703198062,394.852247140141,388.65301508102374,393.9523620605469,65689127,0.0,0.0
2025-03-20 00:00:00+00:00,394.7522594787033,398.2518363553368,393.15247731763907,393.75238037109375,29019331,0.0,0.0
2025-03-21 00:00:00+00:00,394.9522423198205,394.9522423198205,392.0525990486046,392.9524841308594,150487860,0.0,0.0
2025-03-24 00:00:00+00:00,393.45243259533834,393.45243259533834,382.5537563212694,385.4533996582031,14595116,0.0,0.0
2025-03-25 00:00:00+00:00,386.953216123054,389.35291988770604,381.4538810101941,382.15380859375,26412851,0.0,0.0
2025-03-26 00:00:00+00:00,381.7538509515811,383.05371216746977,378.65424996775596,382.0538330078125,20830345,0.0,0.0
2025-03-27 00:00:00+00:00,385.7533431738451,385.7533431738451,380.8539417044116,381.85382080078125,10156726,0.0,0.0
2025-03-28 00:00:00+00:00,384.1535819051931,391.2037246704581,383.65364232984217,389.8528747558594,16473192,0.0,0.0
2025-03-31 00:00:00+01:00,387.8531026581929,392.75250421957793,387.5471398930726,391.252685546875,17763699,0.0,0.0
2025-04-01 00:00:00+01:00,394.6522919698476,397.05199570095465,388.55302337261287,391.9526062011719,14839181,0.0,0.0
2025-04-02 00:00:00+01:00,388.05308215978096,389.65289481162125,385.5533844268706,388.153076171875,14618091,0.0,0.0
2025-04-03 00:00:00+01:00,390.2528205554922,396.6520715350662,390.15285705147204,394.6523132324219,33361473,0.0,0.0
2025-04-04 00:00:00+01:00,395.55218729395494,401.45146801885136,383.4536437988281,383.4536437988281,36362233,0.0,0.0
2025-04-07 00:00:00+01:00,370.7551810757159,373.3548729997758,356.25693322625943,356.5569152832031,36976027,0.0,0.0
2025-04-08 00:00:00+01:00,359.35654915298727,372.2549836812595,355.55702070753597,369.5553283691406,45103321,0.0,0.0
2025-04-09 00:00:00+01:00,362.35620096854404,367.25560274283407,354.1572101764786,357.5567932128906,26231400,0.0,0.0
2025-04-10 00:00:00+01:00,364.15597992421993,369.45532694136887,361.8142525784661,365.455810546875,30625057,0.0,0.0
2025-04-11 00:00:00+01:00,371.2551169396193,375.7545731237111,368.5554615374983,374.4547424316406,27582431,0.0,0.0
2025-04-14 00:00:00+01:00,379.9540722527416,380.05406626927027,374.1547854607556,378.9541931152344,12207522,0.0,0.0
2025-04-15 00:00:00+01:00,379.65412132286986,381.4538915676989,376.9544354417365,378.4542541503906,39244944,0.0,0.0
2025-04-16 00:00:00+01:00,381.15394092931047,382.853717161455,379.35414016635235,382.75372314453125,15048158,0.0,0.0
2025-04-17 00:00:00+01:00,379.15417934275195,381.4538891425114,378.05430619395366,380.4540100097656,15359270,0.0,0.0
2025-04-22 00:00:00+01:00,381.6538581036301,387.1531930589338,380.5799828423886,386.353271484375,12498410,0.0,0.0
2025-04-23 00:00:00+01:00,383.1536773177178,384.25351989936144,376.4544752472056,380.5539855957031,18222478,0.0,0.0
2025-04-24 00:00:00+01:00,377.1000061035156,380.79998779296875,375.20001220703125,376.6000061035156,33685519,4.6,0.0
2025-04-25 00:00:00+01:00,375.29998779296875,379.79998779296875,374.1000061035156,377.5,47936556,0.0,0.0
2025-04-28 00:00:00+01:00,378.1000061035156,380.1000061035156,376.1600036621094,376.6000061035156,35786662,0.0,0.0
2025-04-29 00:00:00+01:00,378.8999938964844,380.1839904785156,374.3999938964844,377.3999938964844,14854103,0.0,0.0
2025-04-30 00:00:00+01:00,377.29998779296875,378.20001220703125,368.20001220703125,376.3999938964844,33201195,0.0,0.0
2025-05-01 00:00:00+01:00,376.29998779296875,390.79998779296875,374.20001220703125,388.70001220703125,16038256,0.0,0.0
2025-05-02 00:00:00+01:00,386.0,405.1000061035156,386.0,398.3999938964844,23544093,0.0,0.0
2025-05-06 00:00:00+01:00,400.0,403.20001220703125,397.1000061035156,397.8999938964844,4274101,0.0,0.0
