date,open,high,low,close,volume,Dividends,Stock Splits,Capital Gains
2023-07-31 00:00:00-04:00,46.23484494308567,46.2626013744523,46.19783401489258,46.19783401489258,5300,0.0,0.0,0.0
2023-08-01 00:00:00-04:00,46.3088548918077,46.3088548918077,45.95725819669626,46.23483657836914,42800,0.0,0.0,0.0
2023-08-02 00:00:00-04:00,46.10530607182033,46.23484077927415,46.10530607182033,46.211708068847656,43800,0.0,0.0,0.0
2023-08-03 00:00:00-04:00,46.29959704853495,46.29959704853495,46.15155691409305,46.18856430053711,61200,0.0,0.0,0.0
2023-08-04 00:00:00-04:00,46.07754301731439,46.25334313380869,46.07754301731439,46.1793212890625,64700,0.0,0.0,0.0
2023-08-07 00:00:00-04:00,46.1885670272647,46.26258886363312,46.1885670272647,46.244083404541016,39900,0.0,0.0,0.0
2023-08-08 00:00:00-04:00,46.142320327807646,46.2811095518904,46.142320327807646,46.253353118896484,15200,0.0,0.0,0.0
2023-08-09 00:00:00-04:00,46.281100556514204,46.34586790728263,46.27184606094391,46.304229736328125,18200,0.0,0.0,0.0
2023-08-10 00:00:00-04:00,46.29961027177993,46.3375459420804,46.23576765879194,46.251495361328125,26800,0.0,0.0,0.0
2023-08-11 00:00:00-04:00,46.19782985441419,46.23484077927415,46.18857535842116,46.211708068847656,26300,0.0,0.0,0.0
2023-08-14 00:00:00-04:00,46.170074462890625,46.234841818072724,46.170074462890625,46.170074462890625,33900,0.0,0.0,0.0
2023-08-15 00:00:00-04:00,46.1793243919842,46.24409174571112,46.170073425547244,46.211708068847656,18900,0.0,0.0,0.0
2023-08-16 00:00:00-04:00,46.18857951806611,46.23484494308567,46.1747013023828,46.19783401489258,21300,0.0,0.0,0.0
2023-08-17 00:00:00-04:00,46.188576396180245,46.25334728091848,45.901750545961285,46.170074462890625,118700,0.0,0.0,0.0
2023-08-18 00:00:00-04:00,46.17932023566955,46.25334207872724,46.17932023566955,46.225582122802734,15600,0.0,0.0,0.0
2023-08-21 00:00:00-04:00,46.17007316905959,46.185800870781875,46.00352753767101,46.04978942871094,130200,0.0,0.0,0.0
2023-08-22 00:00:00-04:00,46.105311012276125,46.156196627466194,46.105311012276125,46.13121795654297,17100,0.0,0.0,0.0
2023-08-23 00:00:00-04:00,46.17931895492178,46.2468640613164,46.17931895492178,46.22188186645508,18100,0.0,0.0,0.0
2023-08-24 00:00:00-04:00,46.18857951806611,46.225590446259204,46.18857951806611,46.19783401489258,23100,0.0,0.0,0.0
2023-08-25 00:00:00-04:00,46.188571201273895,46.25334207872724,46.17932023566955,46.225582122802734,5200,0.0,0.0,0.0
2023-08-28 00:00:00-04:00,46.22557828869243,46.25333824231443,46.18949564331701,46.23020553588867,20100,0.0,0.0,0.0
2023-08-29 00:00:00-04:00,46.19782011310467,46.36436571030052,46.19782011310467,46.3088493347168,139400,0.0,0.0,0.0
2023-08-30 00:00:00-04:00,46.290348052978516,46.392126319287826,45.94800586321089,46.290348052978516,117700,0.0,0.0,0.0
2023-08-31 00:00:00-04:00,46.32735338475696,46.40137521661811,46.32735338475696,46.37361526489258,16600,0.0,0.0,0.0
2023-09-01 00:00:00-04:00,46.342973992803,46.37082878448846,46.28726086736803,46.30583190917969,21800,0.177,0.0,0.0
2023-09-05 00:00:00-04:00,46.25941345106099,46.27426887005317,46.22691500822521,46.25012969970703,15500,0.0,0.0,0.0
2023-09-06 00:00:00-04:00,46.25012820498366,46.28726675126386,46.22226986769289,46.240840911865234,38200,0.0,0.0,0.0
2023-09-07 00:00:00-04:00,46.333690242929194,46.333690242929194,46.25940607568258,46.30583190917969,12600,0.0,0.0,0.0
2023-09-08 00:00:00-04:00,46.38011607642631,46.38011607642631,46.28262076346316,46.30583190917969,20900,0.0,0.0,0.0
2023-09-11 00:00:00-04:00,46.29655740308291,46.34298324584961,46.29655740308291,46.34298324584961,19600,0.0,0.0,0.0
2023-09-12 00:00:00-04:00,46.333699616210836,46.38940921085177,46.32441232239417,46.3708381652832,8900,0.0,0.0,0.0
2023-09-13 00:00:00-04:00,46.342988672433805,46.42655661602525,46.342988672433805,46.380130767822266,82000,0.0,0.0,0.0
2023-09-14 00:00:00-04:00,46.40798065124495,46.49154858598209,46.39869689941406,46.39869689941406,20600,0.0,0.0,0.0
2023-09-15 00:00:00-04:00,46.38939938683108,46.43582521988838,46.38011563704522,46.4079704284668,89400,0.0,0.0,0.0
2023-09-18 00:00:00-04:00,46.361559720128035,46.41727286321073,46.361559720128035,46.380130767822266,24100,0.0,0.0,0.0
2023-09-19 00:00:00-04:00,46.38012545909987,46.44512234755747,46.3615544135313,46.3708381652832,14000,0.0,0.0,0.0
2023-09-20 00:00:00-04:00,46.398696504668436,46.454406099309374,46.3708381652832,46.3708381652832,14400,0.0,0.0,0.0
2023-09-21 00:00:00-04:00,46.305843746531295,46.387555642978114,46.305843746531295,46.333702087402344,18800,0.0,0.0,0.0
2023-09-22 00:00:00-04:00,46.32441444899723,46.46369552612305,46.32441444899723,46.46369552612305,313200,0.0,0.0,0.0
2023-09-25 00:00:00-04:00,46.40798077307234,46.441407238641986,46.38012597544177,46.426551818847656,32400,0.0,0.0,0.0
2023-09-26 00:00:00-04:00,46.342988672433805,46.42655661602525,46.342988672433805,46.380130767822266,26100,0.0,0.0,0.0
2023-09-27 00:00:00-04:00,46.389402549290004,46.463686720897,46.29747889768097,46.324405670166016,24200,0.0,0.0,0.0
2023-09-28 00:00:00-04:00,46.27798370664702,46.34298059121018,46.27798370664702,46.33833694458008,81900,0.0,0.0,0.0
2023-09-29 00:00:00-04:00,46.37084063845548,46.40333908441758,46.138707869564826,46.333702087402344,16500,0.0,0.0,0.0
2023-10-02 00:00:00-04:00,46.3159964084131,46.316927807881136,46.26101184516109,46.26940155029297,12600,0.181,0.0,0.0
2023-10-03 00:00:00-04:00,46.15755656836298,46.28429795936008,46.1286689731862,46.20415496826172,22800,0.0,0.0,0.0
2023-10-04 00:00:00-04:00,46.23211452381288,46.29734802246094,46.21347587349072,46.29734802246094,42600,0.0,0.0,0.0
2023-10-05 00:00:00-04:00,46.25075873984231,46.37190464907622,46.22373393785874,46.306671142578125,33200,0.0,0.0,0.0
2023-10-06 00:00:00-04:00,46.20415840467837,46.342080151346956,46.166881103970404,46.26007080078125,24900,0.0,0.0,0.0
2023-10-09 00:00:00-04:00,46.34394077350212,46.427812918676715,46.21347378211026,46.32530212402344,13600,0.0,0.0,0.0
2023-10-10 00:00:00-04:00,46.33462909983945,46.437139907487484,46.1389250329844,46.31599044799805,51800,0.0,0.0,0.0
2023-10-11 00:00:00-04:00,46.390539279126024,46.45111578344988,46.120287727764286,46.39986038208008,24500,0.0,0.0,0.0
2023-10-12 00:00:00-04:00,46.399864405403605,46.4427301068398,46.05039766846687,46.306671142578125,22500,0.0,0.0,0.0
2023-10-13 00:00:00-04:00,46.362589076094466,46.409183932013185,46.176206097459946,46.334632873535156,17800,0.0,0.0,0.0
2023-10-16 00:00:00-04:00,46.3625881939899,46.465099008036475,46.17620521890154,46.27405548095703,21100,0.0,0.0,0.0
2023-10-17 00:00:00-04:00,46.260076288645124,46.343948447708314,46.20788948344664,46.306671142578125,57400,0.0,0.0,0.0
2023-10-18 00:00:00-04:00,46.26008061953889,46.28337982616642,46.194847106933594,46.194847106933594,12900,0.0,0.0,0.0
2023-10-19 00:00:00-04:00,46.30667530381319,46.30667530381319,46.211622788636866,46.26940155029297,24700,0.0,0.0,0.0
2023-10-20 00:00:00-04:00,46.297344641892195,46.33462193981459,46.26938844592979,46.284297943115234,6500,0.0,0.0,0.0
2023-10-23 00:00:00-04:00,46.23212424181294,46.3159964084131,46.23212424181294,46.26940155029297,22000,0.0,0.0,0.0
2023-10-24 00:00:00-04:00,46.28802792825401,46.31971327899609,46.19483822957201,46.30200958251953,16500,0.0,0.0,0.0
2023-10-25 00:00:00-04:00,46.315994433116366,46.325311982359096,46.23212227009321,46.24143981933594,194200,0.0,0.0,0.0
2023-10-26 00:00:00-04:00,46.28803386528825,46.50237659867551,46.232121460891214,46.48373794555664,391500,0.0,0.0,0.0
2023-10-27 00:00:00-04:00,46.45577445751103,46.50237286404567,46.39986205760435,46.44645690917969,42900,0.0,0.0,0.0
2023-10-30 00:00:00-04:00,46.44646629378017,46.48746920265769,46.43714874356619,46.45578384399414,15300,0.0,0.0,0.0
2023-10-31 00:00:00-04:00,46.46510481565763,46.51169967651367,46.46510481565763,46.51169967651367,11400,0.0,0.0,0.0
2023-11-01 00:00:00-04:00,46.509822413444034,46.54817173088744,46.46492573858449,46.512630462646484,89100,0.183,0.0,0.0
2023-11-02 00:00:00-04:00,46.598680421930034,46.63609491190718,46.47708511352539,46.47708511352539,53900,0.0,0.0,0.0
2023-11-03 00:00:00-04:00,46.59868051326452,46.68286133185702,46.514499694672025,46.533206939697266,52400,0.0,0.0,0.0
2023-11-06 00:00:00-05:00,46.514495849609375,46.572487233981185,46.48643676841207,46.514495849609375,25300,0.0,0.0,0.0
2023-11-07 00:00:00-05:00,46.56126028872741,46.65479650233368,46.56126028872741,46.59867477416992,20200,0.0,0.0,0.0
2023-11-08 00:00:00-05:00,46.60803603715094,46.78574951327493,46.60803603715094,46.7576904296875,61100,0.0,0.0,0.0
2023-11-09 00:00:00-05:00,46.67350190798034,46.70343064072297,46.570613861083984,46.570613861083984,11000,0.0,0.0,0.0
2023-11-10 00:00:00-05:00,46.61738536976444,46.64731767387962,46.57061904361858,46.58277893066406,17900,0.0,0.0,0.0
2023-11-13 00:00:00-05:00,46.58464526678584,46.62673388690687,46.48643491846172,46.61738204956055,26800,0.0,0.0,0.0
2023-11-14 00:00:00-05:00,46.7109185198872,46.80445474121778,46.7109185198872,46.76704025268555,10500,0.0,0.0,0.0
2023-11-15 00:00:00-05:00,46.682853798882704,46.748327361884826,46.682853798882704,46.738975524902344,16300,0.0,0.0,0.0
2023-11-16 00:00:00-05:00,46.7109185198872,46.832513823595946,46.7109185198872,46.76704025268555,16900,0.0,0.0,0.0
2023-11-17 00:00:00-05:00,46.762364564923956,46.804456758347264,46.73898318461516,46.7576904296875,14500,0.0,0.0,0.0
2023-11-20 00:00:00-05:00,46.748331090133256,46.84186730762564,46.74084890634224,46.83251190185547,24000,0.0,0.0,0.0
2023-11-21 00:00:00-05:00,46.79509561597029,46.84653964160303,46.79322596210487,46.823158264160156,17900,0.0,0.0,0.0
2023-11-22 00:00:00-05:00,46.85120957074766,46.879268646240234,46.823150495255085,46.879268646240234,11200,0.0,0.0,0.0
2023-11-24 00:00:00-05:00,46.86057675794659,46.86057675794659,46.78575134277344,46.78575134277344,3700,0.0,0.0,0.0
2023-11-27 00:00:00-05:00,46.80445471249149,46.897987365722656,46.80445471249149,46.897987365722656,26400,0.0,0.0,0.0
2023-11-28 00:00:00-05:00,46.91669089165324,46.98216445733443,46.91669089165324,46.954105377197266,20600,0.0,0.0,0.0
2023-11-29 00:00:00-05:00,46.96345422583097,47.06821192425414,46.96345422583097,47.04389572143555,18300,0.0,0.0,0.0
2023-11-30 00:00:00-05:00,47.02426238937012,47.038291931152344,46.96346295092428,47.038291931152344,20800,0.0,0.0,0.0
2023-12-01 00:00:00-05:00,46.990406060656426,47.140625,46.990406060656426,47.140625,20900,0.189,0.0,0.0
2023-12-04 00:00:00-05:00,47.056120023276875,47.13123127316552,47.04673290779156,47.11245346069336,20600,0.0,0.0,0.0
2023-12-05 00:00:00-05:00,47.09367285101174,47.09367285101174,47.03733941694128,47.084285736083984,162200,0.0,0.0,0.0
2023-12-06 00:00:00-05:00,47.131233283366,47.225118768229606,47.131233283366,47.16878890991211,36800,0.0,0.0,0.0
2023-12-07 00:00:00-05:00,47.1500070594341,47.22511472459358,47.1500070594341,47.20539855957031,13200,0.0,0.0,0.0
2023-12-08 00:00:00-05:00,47.13123788319816,47.1969584453171,47.1218471848943,47.140625,17900,0.0,0.0,0.0
2023-12-11 00:00:00-05:00,47.12184149956389,47.18756205375353,47.12184149956389,47.15939712524414,12000,0.0,0.0,0.0
2023-12-12 00:00:00-05:00,47.140620234320004,47.20634078979492,47.00354542125779,47.20634078979492,45100,0.0,0.0,0.0
2023-12-13 00:00:00-05:00,47.29084234442061,47.39411853326788,47.21573466803291,47.3866081237793,24900,0.0,0.0,0.0
2023-12-14 00:00:00-05:00,47.48800737951293,47.51617231033647,47.43167393636396,47.4598388671875,16200,0.0,0.0,0.0
2023-12-15 00:00:00-05:00,47.42228037712221,47.47861381687222,47.262674336749704,47.39411544799805,38700,0.0,0.0,0.0
2023-12-18 00:00:00-05:00,47.422284324072294,47.46923065185547,47.17348454543013,47.46923065185547,72300,0.0,0.0,0.0
2023-12-19 00:00:00-05:00,47.43167381236573,47.50678148819946,47.43167381236573,47.45796203613281,17800,0.0,0.0,0.0
2023-12-20 00:00:00-05:00,47.46922775828925,47.516170501708984,47.44481624237036,47.516170501708984,575500,0.0,0.0,0.0
2023-12-21 00:00:00-05:00,47.65699758523433,47.65699758523433,47.52086470704329,47.542457580566406,21900,0.0,0.0,0.0
2023-12-22 00:00:00-05:00,47.54433520347987,47.58189083063627,47.50677957632347,47.55278396606445,141100,0.0,0.0,0.0
2023-12-26 00:00:00-05:00,47.56312239830848,47.638233667436076,47.56312239830848,47.60537338256836,18600,0.0,0.0,0.0
2023-12-27 00:00:00-05:00,47.647610700691004,47.74055783228704,47.647610700691004,47.73210906982422,9000,0.0,0.0,0.0
2023-12-28 00:00:00-05:00,47.670845240328575,47.74624209519715,47.670845240328575,47.70854187011719,8400,0.195,0.0,0.0
2023-12-29 00:00:00-05:00,47.72740131277215,47.7462514289971,47.68027781985582,47.689701080322266,18800,0.0,0.0,0.0
2024-01-02 00:00:00-05:00,47.71797785080605,47.71797785080605,47.64257738622467,47.65200424194336,14800,0.0,0.0,0.0
2024-01-03 00:00:00-05:00,47.614295857386125,47.727392939602275,47.614295857386125,47.699119567871094,15400,0.0,0.0,0.0
2024-01-04 00:00:00-05:00,47.633145543317184,47.68969228627266,47.60298464386058,47.66141891479492,23500,0.0,0.0,0.0
2024-01-05 00:00:00-05:00,47.60487731285024,47.72174587616629,47.54644662648427,47.628440856933594,30400,0.0,0.0,0.0
2024-01-08 00:00:00-05:00,47.68969536510984,47.71797233370452,47.67084884643555,47.67084884643555,33300,0.0,0.0,0.0
2024-01-09 00:00:00-05:00,47.68026849895289,47.72739198265717,47.68026849895289,47.70854187011719,16700,0.0,0.0,0.0
2024-01-10 00:00:00-05:00,47.746248991703204,47.750962419341846,47.61430178015614,47.71797561645508,10300,0.0,0.0,0.0
2024-01-11 00:00:00-05:00,47.71797634648649,47.81787872314453,47.71797634648649,47.81787872314453,18900,0.0,0.0,0.0
2024-01-12 00:00:00-05:00,47.93474451959132,47.93474451959132,47.859344061732784,47.88196563720703,13100,0.0,0.0,0.0
2024-01-16 00:00:00-05:00,47.876311779865055,47.876311779865055,47.815993568817426,47.826358795166016,24700,0.0,0.0,0.0
2024-01-17 00:00:00-05:00,47.76510392418092,47.793377302280476,47.74813774014585,47.76981735229492,39200,0.0,0.0,0.0
2024-01-18 00:00:00-05:00,47.7839553599061,47.82165559527397,47.76322130904147,47.77452850341797,20900,0.0,0.0,0.0
2024-01-19 00:00:00-05:00,47.73682307842897,47.76509645210561,47.70383627737566,47.746246337890625,29800,0.0,0.0,0.0
2024-01-22 00:00:00-05:00,47.77452892079691,47.83107927434276,47.76510565951878,47.81222915649414,12400,0.0,0.0,0.0
2024-01-23 00:00:00-05:00,47.76510565951878,47.81222915649414,47.75756633143781,47.81222915649414,22300,0.0,0.0,0.0
2024-01-24 00:00:00-05:00,47.831062842358726,47.84991295373154,47.76508925019945,47.783939361572266,80800,0.0,0.0,0.0
2024-01-25 00:00:00-05:00,47.7933777593835,47.868778228759766,47.67085738958547,47.868778228759766,87100,0.0,0.0,0.0
2024-01-26 00:00:00-05:00,47.85934162458511,47.86876847898324,47.84049151108039,47.849918365478516,13100,0.0,0.0,0.0
2024-01-29 00:00:00-05:00,47.887617324738436,47.915890696601274,47.85745642487103,47.90646743774414,15300,0.0,0.0,0.0
2024-01-30 00:00:00-05:00,47.953600459105814,47.97245057586022,47.82165323711711,47.925323486328125,24200,0.0,0.0,0.0
2024-01-31 00:00:00-05:00,48.085551220500705,48.085551220500705,47.92532701394079,48.033714294433594,13900,0.0,0.0,0.0
2024-02-01 00:00:00-05:00,48.07060481267593,48.10844548922955,48.02802908913726,48.07533264160156,13400,0.194,0.0,0.0
2024-02-02 00:00:00-05:00,48.051684071210744,48.051684071210744,47.94761408733646,47.98545837402344,5900,0.0,0.0,0.0
2024-02-05 00:00:00-05:00,47.89083738220068,47.94003566614409,47.871915242916984,47.909759521484375,18700,0.0,0.0,0.0
2024-02-06 00:00:00-05:00,48.01384346074403,48.01384346074403,47.90977346890154,47.95707702636719,26500,0.0,0.0,0.0
2024-02-07 00:00:00-05:00,48.042221195024084,48.042221195024084,47.957073354493296,47.98545837402344,15700,0.0,0.0,0.0
2024-02-08 00:00:00-05:00,48.05167886057659,48.05167886057659,47.93814601282694,47.975990295410156,22200,0.0,0.0,0.0
2024-02-09 00:00:00-05:00,47.95707584479647,47.98546086580058,47.938153700470394,47.94761657714844,8400,0.0,0.0,0.0
2024-02-12 00:00:00-05:00,47.96653792273913,48.004382210761094,47.94761577872814,47.98167419433594,12600,0.0,0.0,0.0
2024-02-13 00:00:00-05:00,47.881387016570876,47.938149835943165,47.853005606884736,47.87665557861328,10900,0.0,0.0,0.0
2024-02-14 00:00:00-05:00,47.862462357510594,47.94761019112229,47.862462357510594,47.928688049316406,15700,0.0,0.0,0.0
2024-02-15 00:00:00-05:00,48.042218621178016,48.042218621178016,47.928689376229194,47.96653366088867,22100,0.0,0.0,0.0
2024-02-16 00:00:00-05:00,47.890844468668746,47.94761089491963,47.890844468668746,47.93720245361328,15500,0.0,0.0,0.0
2024-02-20 00:00:00-05:00,48.0611466468319,48.0611466468319,47.96653953263165,47.99870681762695,19100,0.0,0.0,0.0
2024-02-21 00:00:00-05:00,47.975995529261915,48.009108377877254,47.947614118743,47.97126770019531,10400,0.0,0.0,0.0
2024-02-22 00:00:00-05:00,47.91922748056476,47.98072173299041,47.91922748056476,47.975990295410156,18700,0.0,0.0,0.0
2024-02-23 00:00:00-05:00,48.023290173882714,48.023290173882714,47.93814234909272,48.004371643066406,19600,0.0,0.0,0.0
2024-02-26 00:00:00-05:00,48.080066122588995,48.080066122588995,47.985459013640316,48.02235412597656,14000,0.0,0.0,0.0
2024-02-27 00:00:00-05:00,47.975986628783645,48.03275304832002,47.975986628783645,48.004371643066406,15700,0.0,0.0,0.0
2024-02-28 00:00:00-05:00,47.98546586886405,48.089535868992996,47.98546586886405,48.04222869873047,21600,0.0,0.0,0.0
2024-02-29 00:00:00-05:00,48.013842226221314,48.117912215387975,48.013842226221314,48.0611457824707,27900,0.0,0.0,0.0
2024-03-01 00:00:00-05:00,48.117165759283296,48.18364238436913,48.117165759283296,48.1551513671875,22700,0.189,0.0,0.0
2024-03-04 00:00:00-05:00,48.221631437954805,48.221631437954805,48.12667102678222,48.136165618896484,11000,0.0,0.0,0.0
2024-03-05 00:00:00-05:00,47.97472516340296,48.193136975091704,47.94623776872828,48.1551513671875,76400,0.0,0.0,0.0
2024-03-06 00:00:00-05:00,48.2026411034227,48.26911774166192,48.19314651082148,48.22163391113281,13500,0.0,0.0,0.0
2024-03-07 00:00:00-05:00,48.23112544954291,48.27765655411363,48.22162723574887,48.25486373901367,13000,0.0,0.0,0.0
2024-03-08 00:00:00-05:00,48.33558177756998,48.33558177756998,48.25961056084353,48.302345275878906,9100,0.0,0.0,0.0
2024-03-11 00:00:00-04:00,48.335581776802805,48.335581776802805,48.24061775589625,48.307090759277344,20100,0.0,0.0,0.0
2024-03-12 00:00:00-04:00,48.26910820014301,48.324184795859786,48.25960998691166,48.2880973815918,19400,0.0,0.0,0.0
2024-03-13 00:00:00-04:00,48.2406269017465,48.29380531453337,48.233979600148146,48.28145980834961,5400,0.0,0.0,0.0
2024-03-14 00:00:00-04:00,48.25960807396898,48.25960807396898,48.184589580448346,48.21687698364258,10200,0.0,0.0,0.0
2024-03-15 00:00:00-04:00,48.145660972468804,48.204537583099466,48.145660972468804,48.16465377807617,16500,0.0,0.0,0.0
2024-03-18 00:00:00-04:00,48.22163715713313,48.23113537288138,48.165611449748496,48.20264434814453,9600,0.0,0.0,0.0
2024-03-19 00:00:00-04:00,48.21212825987878,48.259608457009456,48.21212825987878,48.23112106323242,12600,0.0,0.0,0.0
2024-03-20 00:00:00-04:00,48.23112621223068,48.335584830573936,48.23112621223068,48.30614471435547,18600,0.0,0.0,0.0
2024-03-21 00:00:00-04:00,48.36407318227313,48.36407318227313,48.22162895035502,48.31184387207031,10700,0.0,0.0,0.0
2024-03-22 00:00:00-04:00,48.326088714057605,48.3830671326743,48.31659412220851,48.349830627441406,16900,0.0,0.0,0.0
2024-03-25 00:00:00-04:00,48.345069693286135,48.39254988593096,48.3260768917269,48.335575103759766,12800,0.0,0.0,0.0
2024-03-26 00:00:00-04:00,48.430540461250025,48.430540461250025,48.26910706518249,48.37831115722656,13000,0.0,0.0,0.0
2024-03-27 00:00:00-04:00,48.41155376368014,48.449539375489415,48.402059171981485,48.431495666503906,14000,0.0,0.0,0.0
2024-03-28 00:00:00-04:00,48.40206432636731,48.44954453493146,48.373573303222656,48.373573303222656,21800,0.0,0.0,0.0
2024-04-01 00:00:00-04:00,48.40311626120235,48.40311626120235,48.29063951182723,48.3201904296875,5300,0.191,0.0,0.0
2024-04-02 00:00:00-04:00,48.29826408652983,48.35545694773936,48.28778109213304,48.32686233520508,26000,0.0,0.0,0.0
2024-04-03 00:00:00-04:00,48.26013652276236,48.3745186028171,48.26013652276236,48.34210968017578,23400,0.0,0.0,0.0
2024-04-04 00:00:00-04:00,48.40311372627928,48.42217801251371,48.336390542529166,48.39548873901367,8400,0.0,0.0,0.0
2024-04-05 00:00:00-04:00,48.412646167959466,48.412646167959466,48.3278113695282,48.341156005859375,12700,0.0,0.0,0.0
2024-04-08 00:00:00-04:00,48.2982651192608,48.36499194350251,48.27920446792435,48.31732940673828,20400,0.0,0.0,0.0
2024-04-09 00:00:00-04:00,48.422185882800974,48.44125017213401,48.35736802629691,48.37452697753906,8600,0.0,0.0,0.0
2024-04-10 00:00:00-04:00,48.345916143094506,48.345916143094506,48.18387155619515,48.22200012207031,11900,0.0,0.0,0.0
2024-04-11 00:00:00-04:00,48.23153044546901,48.28872329428176,48.13144568715184,48.22200012207031,33300,0.0,0.0,0.0
2024-04-12 00:00:00-04:00,48.23154056982639,48.3363923299226,48.23154056982639,48.28778076171875,24100,0.0,0.0,0.0
2024-04-15 00:00:00-04:00,48.24107464149357,48.25060496691456,48.20294606752773,48.23154067993164,12400,0.0,0.0,0.0
2024-04-16 00:00:00-04:00,48.174344734228676,48.20293934264329,48.155280449905455,48.17243576049805,17200,0.0,0.0,0.0
2024-04-17 00:00:00-04:00,48.29826161933757,48.29826161933757,48.21247778611676,48.25060272216797,22700,0.0,0.0,0.0
2024-04-18 00:00:00-04:00,48.33638218355563,48.33638218355563,48.212469798671606,48.22200012207031,478900,0.0,0.0,0.0
2024-04-19 00:00:00-04:00,48.31733031815188,48.31733031815188,48.21343485823021,48.25823211669922,15300,0.0,0.0,0.0
2024-04-22 00:00:00-04:00,48.260139823101184,48.29826476163281,48.250605861362516,48.288734436035156,25100,0.0,0.0,0.0
2024-04-23 00:00:00-04:00,48.231541931160116,48.345927656025026,48.231541931160116,48.31732940673828,21300,0.0,0.0,0.0
2024-04-24 00:00:00-04:00,48.317322987976375,48.32685694851909,48.27919805422719,48.30779266357422,31200,0.0,0.0,0.0
2024-04-25 00:00:00-04:00,48.26965814061751,48.27919209998441,48.23343854898758,48.27061080932617,8500,0.0,0.0,0.0
2024-04-26 00:00:00-04:00,48.37452226917073,48.37452226917073,48.288734793592575,48.31732940673828,9700,0.0,0.0,0.0
2024-04-29 00:00:00-04:00,48.28873193129603,48.37451940178917,48.28873193129603,48.33925247192383,12500,0.0,0.0,0.0
2024-04-30 00:00:00-04:00,48.326864787651644,48.36499336372624,48.30780049961434,48.31161117553711,30600,0.0,0.0,0.0
2024-05-01 00:00:00-04:00,48.416863277149105,48.416863277149105,48.32117923376083,48.34031677246094,8500,0.194,0.0,0.0
2024-05-02 00:00:00-04:00,48.34031511719459,48.46470728942975,48.34031511719459,48.4407844543457,9400,0.0,0.0,0.0
2024-05-03 00:00:00-04:00,48.59866012764201,48.59866012764201,48.493405507048486,48.52210998535156,23700,0.0,0.0,0.0
2024-05-06 00:00:00-04:00,48.569951828212616,48.569951828212616,48.50297227900015,48.52498245239258,25600,0.0,0.0,0.0
2024-05-07 00:00:00-04:00,48.617802285799314,48.617802285799314,48.51446031390378,48.54125213623047,19500,0.0,0.0,0.0
2024-05-08 00:00:00-04:00,48.5603929923438,48.569959936637716,48.34031677246094,48.34031677246094,22500,0.0,0.0,0.0
2024-05-09 00:00:00-04:00,48.56995901221548,48.59866714477539,48.54125452976778,48.59866714477539,12400,0.0,0.0,0.0
2024-05-10 00:00:00-04:00,48.63694094062199,48.63694094062199,48.550823845434515,48.5699577331543,13400,0.0,0.0,0.0
2024-05-13 00:00:00-04:00,48.60822597508279,48.60918230432312,48.56038396228512,48.589088439941406,8000,0.0,0.0,0.0
2024-05-14 00:00:00-04:00,48.579524762555245,48.64267534766586,48.579524762555245,48.622581481933594,10200,0.0,0.0,0.0
2024-05-15 00:00:00-04:00,48.77089832923718,48.77089832923718,48.59866414495794,48.71348571777344,34400,0.0,0.0,0.0
2024-05-16 00:00:00-04:00,48.69435501098633,48.75081130102828,48.676173800622394,48.69435501098633,22600,0.0,0.0,0.0
2024-05-17 00:00:00-04:00,48.70391685747079,48.72305074376035,48.65607119141134,48.66564178466797,32300,0.0,0.0,0.0
2024-05-20 00:00:00-04:00,48.73262133701698,48.73262133701698,48.65607119141134,48.66564178466797,8800,0.0,0.0,0.0
2024-05-21 00:00:00-04:00,48.66564258413381,48.73262213758314,48.66564258413381,48.68478012084961,7800,0.0,0.0,0.0
2024-05-22 00:00:00-04:00,48.63693431863624,48.79003095033497,48.63693431863624,48.780460357666016,30600,0.0,0.0,0.0
2024-05-23 00:00:00-04:00,48.866583966716,48.866583966716,48.73262485235482,48.75176239013672,10500,0.0,0.0,0.0
2024-05-24 00:00:00-04:00,48.73262516907556,48.78046718878518,48.70392068727221,48.761329650878906,8700,0.0,0.0,0.0
2024-05-28 00:00:00-04:00,48.74218988097915,48.755585791888905,48.684780920001316,48.70391845703125,10300,0.0,0.0,0.0
2024-05-29 00:00:00-04:00,48.742194259982625,48.766117095947266,48.65607716066714,48.766117095947266,45900,0.0,0.0,0.0
2024-05-30 00:00:00-04:00,48.76133230599307,48.790040439471746,48.732627822626725,48.7603759765625,14800,0.0,0.0,0.0
2024-05-31 00:00:00-04:00,48.83788633015169,48.857023870615876,48.79004430404752,48.82831573486328,10700,0.0,0.0,0.0
2024-06-03 00:00:00-04:00,48.80813850091283,48.961804277369154,48.80813850091283,48.90898132324219,13500,0.189,0.0,0.0
2024-06-04 00:00:00-04:00,49.00022384817651,49.00022384817651,48.923389124641204,48.971412658691406,12600,0.0,0.0,0.0
2024-06-05 00:00:00-04:00,49.048244938702176,49.048244938702176,48.95412496460692,49.00022506713867,37000,0.0,0.0,0.0
2024-06-06 00:00:00-04:00,48.952213318621126,49.03865056725124,48.952213318621126,49.01079559326172,16700,0.0,0.0,0.0
2024-06-07 00:00:00-04:00,48.93299392721438,48.971411287906676,48.89457656652209,48.942596435546875,10200,0.0,0.0,0.0
2024-06-10 00:00:00-04:00,48.99061546555437,48.99061546555437,48.88497322098154,48.90898132324219,11100,0.0,0.0,0.0
2024-06-11 00:00:00-04:00,48.97333234883649,49.01462936401367,48.93011190099714,49.01462936401367,7900,0.0,0.0,0.0
2024-06-12 00:00:00-04:00,49.192311579233845,49.192311579233845,49.048248291015625,49.048248291015625,15100,0.0,0.0,0.0
2024-06-13 00:00:00-04:00,49.14428885899872,49.21152108131987,49.09626898335362,49.16830062866211,41700,0.0,0.0,0.0
2024-06-14 00:00:00-04:00,49.221120990807044,49.221120990807044,49.153892435719,49.19710922241211,7100,0.0,0.0,0.0
2024-06-17 00:00:00-04:00,49.24992415980811,49.24992415980811,49.1154670715332,49.1154670715332,10500,0.0,0.0,0.0
2024-06-18 00:00:00-04:00,49.153887402303724,49.27874199054548,49.153887402303724,49.254730224609375,21400,0.0,0.0,0.0
2024-06-20 00:00:00-04:00,49.240326771108144,49.240326771108144,49.15388953913409,49.187503814697266,21100,0.0,0.0,0.0
2024-06-21 00:00:00-04:00,49.278744053902535,49.278744053902535,49.17309814124994,49.23072052001953,19100,0.0,0.0,0.0
2024-06-24 00:00:00-04:00,49.18269943123124,49.33636521027826,49.18269943123124,49.201908111572266,23300,0.0,0.0,0.0
2024-06-25 00:00:00-04:00,49.2595307920677,49.2595307920677,49.19230224730109,49.24032211303711,11900,0.0,0.0,0.0
2024-06-26 00:00:00-04:00,49.220165331409284,49.22976784138267,49.12508546157743,49.14141082763672,23700,0.0,0.0,0.0
2024-06-27 00:00:00-04:00,49.26914001709872,49.26914001709872,49.17310027253262,49.24993133544922,61500,0.0,0.0,0.0
2024-06-28 00:00:00-04:00,49.30754897336765,49.30754897336765,49.173091888427734,49.173091888427734,16900,0.0,0.0,0.0
2024-07-01 00:00:00-04:00,49.11910649667906,49.25407499180446,49.10946378838972,49.17887878417969,34700,0.194,0.0,0.0
2024-07-02 00:00:00-04:00,49.11911321357788,49.21551824396037,49.11911321357788,49.157676696777344,23800,0.0,0.0,0.0
2024-07-03 00:00:00-04:00,49.1962342415278,49.254079463668695,49.18659520997898,49.22515869140625,15200,0.0,0.0,0.0
2024-07-05 00:00:00-04:00,49.36976170523892,49.36976170523892,49.25407494917666,49.311920166015625,17200,0.0,0.0,0.0
2024-07-08 00:00:00-04:00,49.33120346069336,49.33120346069336,49.273361915333886,49.33120346069336,19700,0.0,0.0,0.0
2024-07-09 00:00:00-04:00,49.379409651981,49.379409651981,49.31192539731757,49.33120346069336,35800,0.0,0.0,0.0
2024-07-10 00:00:00-04:00,49.360125649535995,49.37940738964444,49.340843909427555,49.35048294067383,15900,0.0,0.0,0.0
2024-07-11 00:00:00-04:00,49.39868772401548,49.495092744198416,49.39868772401548,49.47581100463867,21700,0.0,0.0,0.0
2024-07-12 00:00:00-04:00,49.44689714960205,49.53366315094784,49.44689714960205,49.514381408691406,18100,0.0,0.0,0.0
2024-07-15 00:00:00-04:00,49.562577845003,49.562577845003,49.49509359419286,49.53365707397461,19100,0.0,0.0,0.0
2024-07-16 00:00:00-04:00,49.533658205464086,49.56257897715311,49.49509472480144,49.548118591308594,234000,0.0,0.0,0.0
2024-07-17 00:00:00-04:00,49.48545527108049,49.59149932557377,49.48545527108049,49.543296813964844,33700,0.0,0.0,0.0
2024-07-18 00:00:00-04:00,49.601147407851,49.61078644017065,49.5442657165546,49.562583923339844,89000,0.0,0.0,0.0
2024-07-19 00:00:00-04:00,49.74575496053596,49.74575496053596,49.514381408691406,49.514381408691406,9800,0.0,0.0,0.0
2024-07-22 00:00:00-04:00,49.533655095257835,49.562575865130924,49.49991297120066,49.509552001953125,14700,0.0,0.0,0.0
2024-07-23 00:00:00-04:00,49.533664699677544,49.58186721801758,49.52787980905811,49.58186721801758,22300,0.0,0.0,0.0
2024-07-24 00:00:00-04:00,49.62043070373617,49.62043070373617,49.52402198943969,49.58186721801758,11400,0.0,0.0,0.0
2024-07-25 00:00:00-04:00,49.6011399703389,49.6011399703389,49.55293746073589,49.57414627075195,10500,0.0,0.0,0.0
2024-07-26 00:00:00-04:00,49.668632510325075,49.67827154280839,49.605969605142626,49.62042999267578,17100,0.0,0.0,0.0
2024-07-29 00:00:00-04:00,49.69754861948486,49.71683036025756,49.64934610636111,49.65898513793945,36600,0.0,0.0,0.0
2024-07-30 00:00:00-04:00,49.71682626022715,49.7264689686263,49.64934201189597,49.70236587524414,27800,0.0,0.0,0.0
2024-07-31 00:00:00-04:00,49.726477019677894,49.83155755045501,49.721655664697714,49.8036003112793,37700,0.0,0.0,0.0
2024-08-01 00:00:00-04:00,49.89359381696463,49.89359381696463,49.81617762695414,49.883914947509766,39800,0.193,0.0,0.0
2024-08-02 00:00:00-04:00,49.971006471026286,50.09680593448114,49.971006471026286,50.05809783935547,36700,0.0,0.0,0.0
2024-08-05 00:00:00-04:00,50.16454436362538,50.193573589907466,49.980686444826844,50.048423767089844,134400,0.0,0.0,0.0
2024-08-06 00:00:00-04:00,50.048422040486834,50.048422040486834,49.923589727247446,50.02906799316406,27400,0.0,0.0,0.0
2024-08-07 00:00:00-04:00,50.00003832475609,50.00003832475609,49.90327177326283,49.94681930541992,20000,0.0,0.0,0.0
2024-08-08 00:00:00-04:00,49.9032692535518,49.97100657445836,49.88391520594891,49.95165252685547,31100,0.0,0.0,0.0
2024-08-09 00:00:00-04:00,50.02906662646615,50.02906662646615,49.9419752615964,49.971004486083984,10300,0.0,0.0,0.0
2024-08-12 00:00:00-04:00,50.00003778338583,50.03874588012695,49.9323004597925,50.03874588012695,40800,0.0,0.0,0.0
2024-08-13 00:00:00-04:00,50.09680655515177,50.09680655515177,50.029069233546196,50.087127685546875,30500,0.0,0.0,0.0
2024-08-14 00:00:00-04:00,50.09680508093473,50.134542335343234,50.08519191431347,50.10067367553711,30900,0.0,0.0,0.0
2024-08-15 00:00:00-04:00,50.03874379179264,50.08422561899494,49.932298375900615,50.05809783935547,32600,0.0,0.0,0.0
2024-08-16 00:00:00-04:00,50.077451886918304,50.115192833376895,50.00100653674117,50.05809783935547,33100,0.0,0.0,0.0
2024-08-19 00:00:00-04:00,50.05809783935547,50.212926528451014,50.03874379179264,50.05809783935547,29600,0.0,0.0,0.0
2024-08-20 00:00:00-04:00,50.07745565113463,50.15487184720517,50.07745565113463,50.14616012573242,25800,0.0,0.0,0.0
2024-08-21 00:00:00-04:00,50.17421895028463,50.23228109357136,50.125835676582604,50.193572998046875,19200,0.0,0.0,0.0
2024-08-22 00:00:00-04:00,50.15486797379756,50.17615631865066,50.11228759268423,50.16454315185547,24700,0.0,0.0,0.0
2024-08-23 00:00:00-04:00,50.16454273913391,50.27098815393077,50.1403492570775,50.256473541259766,22800,0.0,0.0,0.0
2024-08-26 00:00:00-04:00,50.2516320684029,50.28066129256752,50.22260284423828,50.22260284423828,37000,0.0,0.0,0.0
2024-08-27 00:00:00-04:00,50.21292079538308,50.30969102214849,50.17808499031021,50.28646469116211,47400,0.0,0.0,0.0
2024-08-28 00:00:00-04:00,50.241947174072266,50.280655262587594,50.19743619454548,50.241947174072266,24000,0.0,0.0,0.0
2024-08-29 00:00:00-04:00,50.21292287035105,50.26905071161639,50.17034618365888,50.232276916503906,22900,0.0,0.0,0.0
2024-08-30 00:00:00-04:00,50.22260764189009,50.25163686882781,50.15777176422808,50.212928771972656,30800,0.0,0.0,0.0
2024-09-03 00:00:00-04:00,50.27509010626446,50.28480529785156,50.20904384766791,50.28480529785156,46700,0.194,0.0,0.0
2024-09-04 00:00:00-04:00,50.294519998464665,50.37222671508789,50.27995091541286,50.37222671508789,172100,0.0,0.0,0.0
2024-09-05 00:00:00-04:00,50.42078847556344,50.44992663988436,50.33337027734072,50.381935119628906,40800,0.0,0.0,0.0
2024-09-06 00:00:00-04:00,50.3916489844644,50.66361505832553,50.38193379310658,50.45964050292969,886200,0.0,0.0,0.0
2024-09-09 00:00:00-04:00,50.47906494140625,50.50820310366757,50.42078491162391,50.47906494140625,64800,0.0,0.0,0.0
2024-09-10 00:00:00-04:00,50.44992471933014,50.57619626868043,50.44992471933014,50.54705810546875,23400,0.0,0.0,0.0
2024-09-11 00:00:00-04:00,50.53734049465701,50.60533200906891,50.48877565654275,50.517913818359375,41600,0.0,0.0,0.0
2024-09-12 00:00:00-04:00,50.50820233284038,50.59562052354991,50.48877565654275,50.517913818359375,733800,0.0,0.0,0.0
2024-09-13 00:00:00-04:00,50.547060413338805,50.60922356014986,50.4887803789947,50.57619857788086,36900,0.0,0.0,0.0
2024-09-16 00:00:00-04:00,50.59076160639775,50.644184038505585,50.59076160639775,50.595619201660156,41000,0.0,0.0,0.0
2024-09-17 00:00:00-04:00,50.59562335559946,50.73160639203479,50.560656818410344,50.6237907409668,93300,0.0,0.0,0.0
2024-09-18 00:00:00-04:00,50.65390529033967,50.65390529033967,50.5276337352241,50.57619857788086,64000,0.0,0.0,0.0
2024-09-19 00:00:00-04:00,50.566485281753984,50.702468318430284,50.54220100866471,50.648075103759766,54100,0.0,0.0,0.0
2024-09-20 00:00:00-04:00,50.566486427512146,50.61505126953125,50.54705974965252,50.61505126953125,13400,0.0,0.0,0.0
2024-09-23 00:00:00-04:00,50.60533383987724,50.66750068838261,50.566484191136105,50.63447570800781,96700,0.0,0.0,0.0
2024-09-24 00:00:00-04:00,50.615043716253616,50.69274671083658,50.6092153432395,50.66360855102539,57400,0.0,0.0,0.0
2024-09-25 00:00:00-04:00,50.68304054787907,50.731605387750314,50.60533383987724,50.63447570800781,73300,0.0,0.0,0.0
2024-09-26 00:00:00-04:00,50.653903118516894,50.653903118516894,50.54705824609708,50.644187927246094,128500,0.0,0.0,0.0
2024-09-27 00:00:00-04:00,50.61504983415974,50.692752838134766,50.60533464287546,50.692752838134766,95200,0.0,0.0,0.0
2024-09-30 00:00:00-04:00,50.69275361113164,50.69275361113164,50.60533541453933,50.65390396118164,50100,0.0,0.0,0.0
2024-10-01 00:00:00-04:00,50.65584873160446,50.72409149555273,50.65584873160446,50.66559982299805,43300,0.192,0.0,0.0
2024-10-02 00:00:00-04:00,50.62660289532712,50.7172672191579,50.59053278265495,50.66559982299805,47900,0.0,0.0,0.0
2024-10-03 00:00:00-04:00,50.61685572356517,50.70459695814335,50.568111419677734,50.568111419677734,65800,0.0,0.0,0.0
2024-10-04 00:00:00-04:00,50.48037002656993,50.529118049256276,50.44137681495364,50.47549819946289,46000,0.0,0.0,0.0
2024-10-07 00:00:00-04:00,50.40237808227539,50.440396927110925,50.35460814567043,50.40237808227539,22100,0.0,0.0,0.0
2024-10-08 00:00:00-04:00,50.421872634103224,50.460865841299444,50.407249716535695,50.45111846923828,27000,0.0,0.0,0.0
2024-10-09 00:00:00-04:00,50.42187036519386,50.44234319265747,50.39652199244328,50.431617736816406,30000,0.0,0.0,0.0
2024-10-10 00:00:00-04:00,50.412126175647394,50.441375732421875,50.37312924591604,50.441375732421875,23200,0.0,0.0,0.0
2024-10-11 00:00:00-04:00,50.41212154309049,50.470616932312176,50.3926230800166,50.45111846923828,27100,0.0,0.0,0.0
2024-10-14 00:00:00-04:00,50.40237190299737,50.54275859944127,50.363374978604384,50.431617736816406,44500,0.0,0.0,0.0
2024-10-15 00:00:00-04:00,50.49011838757721,50.53886268867489,50.42382435298751,50.50961685180664,67100,0.0,0.0,0.0
2024-10-16 00:00:00-04:00,50.52911531603607,50.55836115290432,50.43162299488892,50.50961685180664,117900,0.0,0.0,0.0
2024-10-17 00:00:00-04:00,50.4608695565767,50.52716359211864,50.4608695565767,50.4998664855957,154000,0.0,0.0,0.0
2024-10-18 00:00:00-04:00,50.480365750973775,50.533985596225655,50.343880224496864,50.52911376953125,34000,0.0,0.0,0.0
2024-10-21 00:00:00-04:00,50.47061466120939,50.48523757811891,50.431617736816406,50.431617736816406,19100,0.0,0.0,0.0
2024-10-22 00:00:00-04:00,50.460861298214944,50.460861298214944,50.38579426756224,50.41211700439453,27000,0.0,0.0,0.0
2024-10-23 00:00:00-04:00,50.37312008175771,50.431615465712945,50.34387424925571,50.41211700439453,47300,0.0,0.0,0.0
2024-10-24 00:00:00-04:00,50.392628073315024,50.436500549316406,50.36435660068956,50.436500549316406,32000,0.0,0.0,0.0
2024-10-25 00:00:00-04:00,50.431626187953235,50.4511246534172,50.39068052616451,50.421878814697266,27000,0.0,0.0,0.0
2024-10-28 00:00:00-04:00,50.38287889643676,50.45112166203835,50.362406066756286,50.363380432128906,43900,0.0,0.0,0.0
2024-10-29 00:00:00-04:00,50.304878867525055,50.460862843899115,50.304878867525055,50.39262008666992,84600,0.0,0.0,0.0
2024-10-30 00:00:00-04:00,50.39262368416909,50.42187323860638,50.333157647875076,50.385799407958984,20900,0.0,0.0,0.0
2024-10-31 00:00:00-04:00,50.334137579585416,50.431626187953235,50.265894809937535,50.421878814697266,69300,0.0,0.0,0.0
2024-11-01 00:00:00-04:00,50.392520419062066,50.41209077782413,50.25553164039187,50.34164047241211,27700,0.19,0.0,0.0
2024-11-04 00:00:00-05:00,50.402300402246304,50.421870759715446,50.34359306250292,50.39251708984375,24800,0.0,0.0,0.0
2024-11-05 00:00:00-05:00,50.37294715754896,50.45807802662505,50.21638802913845,50.421871185302734,41200,0.0,0.0,0.0
2024-11-06 00:00:00-05:00,50.29466810267988,50.378817278839385,50.270204223131024,50.333805084228516,85800,0.0,0.0,0.0
2024-11-07 00:00:00-05:00,50.39252394790355,50.509942376034154,50.38274063416956,50.465911865234375,19100,0.0,0.0,0.0
2024-11-08 00:00:00-05:00,50.451231442675606,50.50993878623624,50.40719720234086,50.441444396972656,33100,0.0,0.0,0.0
2024-11-11 00:00:00-05:00,50.4022984823716,50.47470842898284,50.392515170341696,50.43165588378906,23100,0.0,0.0,0.0
2024-11-12 00:00:00-05:00,50.412087021312175,50.42089237566647,50.34359263708101,50.363162994384766,39100,0.0,0.0,0.0
2024-11-13 00:00:00-05:00,50.451228588086245,50.451228588086245,50.401322869686304,50.421871185302734,43600,0.0,0.0,0.0
2024-11-14 00:00:00-05:00,50.421872880475036,50.46101359705958,50.38273589655467,50.407196044921875,49900,0.0,0.0,0.0
2024-11-15 00:00:00-05:00,50.36316150158812,50.451226240512746,50.353374456894336,50.43165588378906,83200,0.0,0.0,0.0
2024-11-18 00:00:00-05:00,50.42187403823102,50.48058511445593,50.38664888556178,50.441444396972656,27900,0.0,0.0,0.0
2024-11-19 00:00:00-05:00,50.470801263535456,50.50015493500294,50.46395182468209,50.4903678894043,46600,0.0,0.0,0.0
2024-11-20 00:00:00-05:00,50.441440718426904,50.55690321371722,50.43556923796618,50.473731994628906,25100,0.0,0.0,0.0
2024-11-21 00:00:00-05:00,50.46101283292205,50.50993686157978,50.431659162260246,50.48058319091797,74800,0.0,0.0,0.0
2024-11-22 00:00:00-05:00,50.46101421793681,50.549078965003496,50.392519829403184,50.4903678894043,54100,0.0,0.0,0.0
2024-11-25 00:00:00-05:00,50.588215300801295,50.61756896972656,50.549074587125,50.61756896972656,40200,0.0,0.0,0.0
2024-11-26 00:00:00-05:00,50.55885504658873,50.63713646952454,50.52852342143251,50.59799575805664,183900,0.0,0.0,0.0
2024-11-27 00:00:00-05:00,50.60779093872704,50.72520935934502,50.60289741584088,50.62736129760742,26500,0.0,0.0,0.0
2024-11-29 00:00:00-05:00,50.715422115814626,50.72422747019588,50.679215274993005,50.70563507080078,13500,0.0,0.0,0.0
2024-12-02 00:00:00-05:00,50.8853763718855,50.92465966614482,50.63001435279854,50.69876480102539,589800,0.193,0.0,0.0
2024-12-03 00:00:00-05:00,50.73805322458017,50.757696745554355,50.68894629545397,50.728233337402344,87500,0.0,0.0,0.0
2024-12-04 00:00:00-05:00,50.66929657391163,50.79697757130984,50.66929657391163,50.76063537597656,56600,0.0,0.0,0.0
2024-12-05 00:00:00-05:00,50.757691943332155,50.96394327411973,50.718404905100755,50.762603759765625,169400,0.0,0.0,0.0
2024-12-06 00:00:00-05:00,50.80679834420677,50.83626174926758,50.76751130638025,50.83626174926758,24700,0.0,0.0,0.0
2024-12-09 00:00:00-05:00,50.8166253317335,50.84510712472166,50.79698181152344,50.79698181152344,48300,0.0,0.0,0.0
2024-12-10 00:00:00-05:00,50.78715600698151,50.83331809017083,50.77733612060547,50.77733612060547,28600,0.0,0.0,0.0
2024-12-11 00:00:00-05:00,50.836265105325175,50.865732258949464,50.78715817810921,50.79698181152344,34000,0.0,0.0,0.0
2024-12-12 00:00:00-05:00,50.76750999077947,50.81858388795403,50.72429649826103,50.80679702758789,43300,0.0,0.0,0.0
2024-12-13 00:00:00-05:00,50.69876480102539,50.78715876969112,50.69876480102539,50.69876480102539,39900,0.0,0.0,0.0
2024-12-16 00:00:00-05:00,50.72822932499474,50.78715613663789,50.698762172554936,50.75278091430664,40900,0.0,0.0,0.0
2024-12-17 00:00:00-05:00,50.71840970360598,50.76751663273218,50.717428089550054,50.728233337402344,128900,0.0,0.0,0.0
2024-12-18 00:00:00-05:00,50.747866917568416,50.79697758731879,50.62018966674805,50.62018966674805,31700,0.0,0.0,0.0
2024-12-19 00:00:00-05:00,50.63983503064464,50.688941955566406,50.620191511352296,50.688941955566406,35600,0.0,0.0,0.0
2024-12-20 00:00:00-05:00,50.69876184190347,50.70858547485875,50.63983503064464,50.688941955566406,80900,0.0,0.0,0.0
2024-12-23 00:00:00-05:00,50.6692987634857,50.679118649886185,50.62019183824682,50.639835357666016,44500,0.0,0.0,0.0
2024-12-24 00:00:00-05:00,50.620190983105786,50.65849266070069,50.59858423609514,50.649654388427734,17200,0.0,0.0,0.0
2024-12-26 00:00:00-05:00,50.649657873237416,50.73805184190314,50.62019446588832,50.69876480102539,55400,0.0,0.0,0.0
2024-12-27 00:00:00-05:00,50.6693000793457,50.728230639133706,50.639836672760865,50.6693000793457,70000,0.0,0.0,0.0
2024-12-30 00:00:00-05:00,50.74787061107248,50.78617603707736,50.72037043238744,50.757694244384766,69500,0.0,0.0,0.0
2024-12-31 00:00:00-05:00,50.766562149984686,50.7961337013167,50.74684652897328,50.786277770996094,119800,0.189,0.0,0.0
2025-01-02 00:00:00-05:00,50.776418080305284,50.80599339200751,50.71727497764127,50.786277770996094,57100,0.0,0.0,0.0
2025-01-03 00:00:00-05:00,50.76656216811709,50.78331837777915,50.727130926080186,50.75670623779297,130400,0.0,0.0,0.0
2025-01-06 00:00:00-05:00,50.7567049184286,50.786276469002495,50.7271296074846,50.77641677856445,94500,0.0,0.0,0.0
2025-01-07 00:00:00-05:00,50.74685414325674,50.77642569902579,50.71728258748768,50.72713851928711,77500,0.0,0.0,0.0
2025-01-08 00:00:00-05:00,50.717274995756064,50.80599341015399,50.717274995756064,50.75670623779297,60300,0.0,0.0,0.0
2025-01-10 00:00:00-05:00,50.707415287010065,50.76656215004436,50.67784373567802,50.69755935668945,95800,0.0,0.0,0.0
2025-01-13 00:00:00-05:00,50.677843753810464,50.702489220176126,50.61179661141705,50.66798782348633,193100,0.0,0.0,0.0
2025-01-14 00:00:00-05:00,50.68769966599863,50.707415287010065,50.65024261833606,50.69755935668945,54600,0.0,0.0,0.0
2025-01-15 00:00:00-05:00,50.815853152865245,50.85528439786042,50.8059972218017,50.845428466796875,430200,0.0,0.0,0.0
2025-01-16 00:00:00-05:00,50.8059972218017,50.8947156428556,50.80303781022329,50.845428466796875,57500,0.0,0.0,0.0
2025-01-17 00:00:00-05:00,50.86513900756836,50.924285873524624,50.82571152396791,50.86513900756836,107800,0.0,0.0,0.0
2025-01-21 00:00:00-05:00,50.95385489083167,50.95385489083167,50.855280546180055,50.90456771850586,116500,0.0,0.0,0.0
2025-01-22 00:00:00-05:00,50.90457280070711,50.914432492378765,50.76656720026858,50.884857177734375,83500,0.0,0.0,0.0
2025-01-23 00:00:00-05:00,50.85528565667794,50.934144388249784,50.85528565667794,50.914432525634766,66000,0.0,0.0,0.0
2025-01-24 00:00:00-05:00,50.88485337963722,50.95385617470604,50.87992729453966,50.944000244140625,84700,0.0,0.0,0.0
2025-01-27 00:00:00-05:00,51.00314809606131,51.04257557945659,50.805995637603395,51.002159118652344,90900,0.0,0.0,0.0
2025-01-28 00:00:00-05:00,50.98343150373659,51.02285898638139,50.97357181279766,51.00314712524414,95500,0.0,0.0,0.0
2025-01-29 00:00:00-05:00,51.05243682861328,51.082008382154804,51.00314965258724,51.05243682861328,80200,0.0,0.0,0.0
2025-01-30 00:00:00-05:00,51.02285641835381,51.08693312512089,51.00807064305991,51.01300048828125,66700,0.0,0.0,0.0
2025-01-31 00:00:00-05:00,51.022858967511986,51.057360365044865,50.97357179394648,51.032718658447266,58400,0.0,0.0,0.0
2025-02-03 00:00:00-05:00,51.05844087433482,51.05844087433482,50.94961584830586,51.008975982666016,136700,0.186,0.0,0.0
2025-02-04 00:00:00-05:00,50.98918968153409,51.07822799682617,50.98918968153409,51.07822799682617,65300,0.0,0.0,0.0
2025-02-05 00:00:00-05:00,51.0980150367292,51.18705335259333,51.09306741531192,51.1375846862793,143200,0.0,0.0,0.0
2025-02-06 00:00:00-05:00,51.05844144932689,51.167266476581375,51.05844144932689,51.107906341552734,651000,0.0,0.0,0.0
2025-02-07 00:00:00-05:00,51.05844120308536,51.10790609507265,50.999081068343,51.06338882446289,220900,0.0,0.0,0.0
2025-02-10 00:00:00-05:00,51.09801470863896,51.10790617748062,51.07822799702626,51.08317184448242,47500,0.0,0.0,0.0
2025-02-11 00:00:00-05:00,51.04854604264255,51.09801470863896,51.04854604264255,51.08317184448242,77900,0.0,0.0,0.0
2025-02-12 00:00:00-05:00,50.98918545860444,51.05843705654848,50.9595035066791,51.013916015625,236000,0.0,0.0,0.0
2025-02-13 00:00:00-05:00,51.048546042442574,51.10295855589492,51.048546042442574,51.07822799682617,102700,0.0,0.0,0.0
2025-02-14 00:00:00-05:00,51.157372365605895,51.187054320741595,51.152428518024486,51.16627883911133,163600,0.0,0.0,0.0
2025-02-18 00:00:00-05:00,51.127693217374116,51.15737139801903,51.107906505634375,51.1375846862793,249000,0.0,0.0,0.0
2025-02-19 00:00:00-05:00,51.107906751255676,51.26619667200493,51.107906751255676,51.17715835571289,170600,0.0,0.0,0.0
2025-02-20 00:00:00-05:00,51.24640630659049,51.42448292647871,51.18704994924716,51.20683288574219,153900,0.0,0.0,0.0
2025-02-21 00:00:00-05:00,51.23651428233671,51.261244839651674,51.196940861917845,51.23750305175781,113000,0.0,0.0,0.0
2025-02-24 00:00:00-05:00,51.295875630991205,51.434382615936286,51.25630598065064,51.30577087402344,169200,0.0,0.0,0.0
2025-02-25 00:00:00-05:00,51.355232445335574,51.56298724841979,51.355232445335574,51.38985824584961,132600,0.0,0.0,0.0
2025-02-26 00:00:00-05:00,51.4145925367195,51.553095738664716,51.27608933477429,51.384910583496094,255300,0.0,0.0,0.0
2025-02-27 00:00:00-05:00,51.35523265162344,51.44427096386422,51.35523265162344,51.42448425292969,190400,0.0,0.0,0.0
2025-02-28 00:00:00-05:00,51.473949679525326,51.51352310180664,51.434380031173276,51.51352310180664,74900,0.0,0.0,0.0
2025-03-03 00:00:00-05:00,51.50458895104162,51.5810314332666,51.44502175743662,51.5145149230957,97900,0.181,0.0,0.0
2025-03-04 00:00:00-05:00,51.584007392818606,51.63364482660635,51.5244439871107,51.57408142089844,164900,0.0,0.0,0.0
2025-03-05 00:00:00-05:00,51.57407912007579,51.57407912007579,51.44501876831055,51.44501876831055,66300,0.0,0.0,0.0
2025-03-06 00:00:00-05:00,51.474803822325626,51.494659553666786,51.42020150791082,51.48473358154297,106400,0.0,0.0,0.0
2025-03-07 00:00:00-05:00,51.50458559827359,51.51451156968153,51.425162678637086,51.47480010986328,452000,0.0,0.0,0.0
2025-03-10 00:00:00-04:00,51.51451482095023,51.564152255309224,51.50458884891583,51.524444580078125,83800,0.0,0.0,0.0
2025-03-11 00:00:00-04:00,51.554226385499035,51.554226385499035,51.49465919189404,51.5145149230957,51000,0.0,0.0,0.0
2025-03-12 00:00:00-04:00,51.445022350844695,51.49465978587467,51.445022350844695,51.46487808227539,60500,0.0,0.0,0.0
2025-03-13 00:00:00-04:00,51.46487413845534,51.51451156968153,51.44501840854622,51.47480010986328,62600,0.0,0.0,0.0
2025-03-14 00:00:00-04:00,51.494655839772406,51.494655839772406,51.454948167047405,51.47480010986328,69500,0.0,0.0,0.0
2025-03-17 00:00:00-04:00,51.46487622588752,51.50458768731649,51.45991134643555,51.45991134643555,56800,0.0,0.0,0.0
2025-03-18 00:00:00-04:00,51.46487772043824,51.52444491431153,51.46487772043824,51.494659423828125,64700,0.0,0.0,0.0
2025-03-19 00:00:00-04:00,51.54429616257262,51.55422592163086,51.469841905103166,51.55422592163086,107600,0.0,0.0,0.0
2025-03-20 00:00:00-04:00,51.57408152294928,51.59393725392235,51.538342722035125,51.564151763916016,91000,0.0,0.0,0.0
2025-03-21 00:00:00-04:00,51.56415166188482,51.59393715183222,51.54429593095104,51.57408142089844,70100,0.0,0.0,0.0
2025-03-24 00:00:00-04:00,51.57408224664472,51.57408224664472,51.48870222355309,51.50458908081055,97600,0.0,0.0,0.0
2025-03-25 00:00:00-04:00,51.50458858961724,51.54429626464844,51.499623710078296,51.54429626464844,73300,0.0,0.0,0.0
2025-03-26 00:00:00-04:00,51.544296394372694,51.55422615347558,51.48473298812927,51.53437042236328,148300,0.0,0.0,0.0
2025-03-27 00:00:00-04:00,51.50458884891583,51.55422628327482,51.50458884891583,51.524444580078125,81700,0.0,0.0,0.0
2025-03-28 00:00:00-04:00,51.534369598216195,51.60882764192322,51.534369598216195,51.60386276245117,65500,0.0,0.0,0.0
2025-03-31 00:00:00-04:00,51.67335951330153,51.67335951330153,51.59394037170345,51.623722076416016,121100,0.0,0.0,0.0
2025-04-01 00:00:00-04:00,51.688479022048355,51.688479022048355,51.62869915194822,51.66855239868164,115300,0.185,0.0,0.0
2025-04-02 00:00:00-04:00,51.68847877091161,51.68847877091161,51.59881086650447,51.60877227783203,47600,0.0,0.0,0.0
2025-04-03 00:00:00-04:00,51.83792594731143,51.83792594731143,51.72434836833192,51.768184661865234,68900,0.0,0.0,0.0
2025-04-04 00:00:00-04:00,51.84788993492155,51.8827605768208,51.71836877903222,51.77814865112305,81400,0.0,0.0,0.0
2025-04-07 00:00:00-04:00,51.75822018491697,51.77814680823802,51.548996340968145,51.63866424560547,139100,0.0,0.0,0.0
2025-04-08 00:00:00-04:00,51.55895750153174,51.688478652181146,51.529069467002934,51.57888412475586,148000,0.0,0.0,0.0
2025-04-09 00:00:00-04:00,51.47925359335081,51.867817064808385,51.33977102439346,51.43442153930664,397800,0.0,0.0,0.0
2025-04-10 00:00:00-04:00,51.44936384076552,51.46231633611012,51.1703987121582,51.1703987121582,176100,0.0,0.0,0.0
2025-04-11 00:00:00-04:00,51.260066986083984,51.27999360978691,51.160433867569374,51.260066986083984,106300,0.0,0.0,0.0
2025-04-14 00:00:00-04:00,51.36966089707038,51.44936359030669,51.35969568503158,51.41947555541992,46600,0.0,0.0,0.0
2025-04-15 00:00:00-04:00,51.41947604113067,51.5489971945548,51.41947604113067,51.539031982421875,282500,0.0,0.0,0.0
2025-04-16 00:00:00-04:00,51.45932928843269,51.56892001759096,51.45932928843269,51.539031982421875,117700,0.0,0.0,0.0
2025-04-17 00:00:00-04:00,51.52907130978253,51.58884738097784,51.39955015450119,51.40951156616211,60000,0.0,0.0,0.0
2025-04-21 00:00:00-04:00,51.52907068871977,51.569919697205506,51.52408808264192,51.56892013549805,159100,0.0,0.0,0.0
2025-04-22 00:00:00-04:00,51.548998431990675,51.578886467877226,51.519106595489184,51.52907180786133,93200,0.0,0.0,0.0
2025-04-23 00:00:00-04:00,51.578885111657165,51.60877314675784,51.499178617235586,51.5091438293457,285400,0.0,0.0,0.0
2025-04-24 00:00:00-04:00,51.58884824507387,51.61874008178711,51.558960208975606,51.61874008178711,41300,0.0,0.0,0.0
2025-04-25 00:00:00-04:00,51.63866436393897,51.66855239868164,51.618737740572264,51.66855239868164,98000,0.0,0.0,0.0
2025-04-28 00:00:00-04:00,51.67851663542065,51.748257920709634,51.671542506891754,51.73829650878906,56500,0.0,0.0,0.0
2025-04-29 00:00:00-04:00,51.6486261436164,51.778147296116224,51.6486261436164,51.75822067260742,71100,0.0,0.0,0.0
2025-04-30 00:00:00-04:00,51.71836766137634,51.82796219086701,51.71836766137634,51.817996978759766,124400,0.0,0.0,0.0
2025-05-01 00:00:00-04:00,51.849998474121094,51.869998931884766,51.72999954223633,51.7599983215332,83400,0.192,0.0,0.0
2025-05-02 00:00:00-04:00,51.709999084472656,51.71200180053711,51.619998931884766,51.689998626708984,67100,0.0,0.0,0.0
2025-05-05 00:00:00-04:00,51.70000076293945,51.720001220703125,51.650001525878906,51.68000030517578,93100,0.0,0.0,0.0
